#provid;title;r;g;b;r2;g2;b2;english;french;german;spanish
590;c_mingan;112;179;100;200;170;160;Mingan;;;
591;c_nipissis;115;94;124;150;150;160;Nipissis;;;
592;c_magpie;85;73;134;225;175;120;Magpie;;;
594;c_natashquan;118;176;197;190;120;140;Natashquan;;;
2084;c_netagamiou;91;121;64;91;121;64;Netagamiou;Netagamiou;Netagamiou;Netagamiou
266;c_totouskak;213;0;193;36;123;23;Totouskak;;;
267;c_saguenay;178;18;164;7;133;57;Saguenay;;;
268;c_saint_jean;242;48;224;4;70;31;Saint-Jean;;;
593;c_anticosti;203;158;249;120;140;200;Anticosti;;;
595;c_sept_iles;149;85;179;150;170;190;Sept-Îles;;;
596;c_haute_cote_nord;15;94;164;180;110;120;Haute Côte-Nord;;;
597;c_outardes;128;118;219;150;120;190;Outardes;;;
598;c_manicouagan;91;152;219;180;140;140;Manicouagan;;;
599;c_onatchiway;191;149;197;140;170;190;Onatchiway;;;
860;c_puvirnituq;183;252;137;128;122;125;Puvirnituq;;;
861;c_wolstenholme;228;229;177;158;157;161;Wolstenholme;;;
863;c_payne_bay;165;166;52;101;111;133;Payne Bay;;;
864;c_koksoak;105;157;99;157;167;173;Koksoak;;;
624;c_very_large_bay;141;46;211;121;126;142;;;;
2089;c_labrador_west;128;100;237;13;16;127;Labrador West;;;
822;c_caniapiscau;150;128;191;155;153;242;Caniapiscau;;;
2090;c_melville;155;115;52;103;126;227;Melville;;;
2085;c_thule;103;216;197;103;216;197;Thule;Thule;Thule;Thule
697;c_mealy;194;188;137;128;178;145;Mealy;;;
858;c_new_moravia;205;102;186;123;251;163;New Moravia;;;
728;c_groswater;199;154;154;171;201;199;Groswater;;;
2078;c_st_johns;206;240;206;206;240;206;St. Johns;St. Johns;St. Johns;St. Johns
2080;c_st_marys;200;197;213;200;197;213;St. Mary's;St. Mary's;St. Mary's;St. Mary's
560;c_bonavista;171;171;97;230;155;221;Bonavista;Bonavista;Bonavista;Bonavista
2079;c_burin;140;167;228;140;167;228;Burin;;;
2082;c_anguille;43;164;216;43;164;216;Anguille;Anguille;Anguille;Anguille
778;c_cabox;70;184;198;75;188;186;Cabox;;;
2081;c_notre_dame;100;164;182;100;164;182;Notre Dame;;;
2083;c_long_range;91;115;234;91;115;234;Long Range;;;
687;c_st_pierre;240;173;213;200;197;213;Saint-Pierrais;;;
2096;c_nemaska;67;124;33;25;124;165;Nemaska;;;
2097;c_chibougamau;0;213;137;3;11;225;Chibougamau;;;
2098;c_matagami;82;203;27;90;151;125;Matagami;;;
659;c_waskaganish;168;60;157;155;145;125;;;;
715;c_chisasibi;134;109;176;104;161;137;Chisasibi;;;
850;c_great_whale_river;213;97;238;123;251;163;Great Whale River;;;
862;c_sanikiluaq;197;158;97;159;156;193;Sanikiluaq;;;
2099;c_abitibi;219;112;27;56;121;115;Abitibi;;;
2100;c_vallee_de_lor;100;179;137;143;214;25;Vallée-de-l'Or;;;
666;c_cochrane;42;81;33;141;94;171;Cochrane;;;
785;c_gouin;201;198;16;123;115;196;Gouin;;;
660;c_moosonee;0;63;30;57;113;151;;;;
662;c_kapuskasing;84;69;31;91;58;111;;;;
661;c_kashechewan;42;66;158;146;85;141;;;;
35;c_watertown;2;101;40;97;79;52;Watertown;;;
36;c_raquette;4;155;61;168;138;94;Raquette;;;
37;c_big_moose;3;93;50;152;109;63;Big Moose;;;
995;c_malone;89;161;110;22;132;123;;;;
16;c_rochester;112;98;22;140;77;55;Rochester;;;
30;c_canandaigua;2;100;39;140;87;63;Canandaigua;;;
31;c_steuben;4;149;58;180;87;63;;;;
32;c_seneca;24;176;17;60;67;164;Seneca;;;
21;c_cortland;174;55;8;43;48;117;Cortland;;;
14;c_syracuse;130;126;104;196;90;60;Syracuse;;;
15;c_cayuga;210;202;155;139;145;214;;;;
11;c_oswego;150;131;28;143;117;78;Oswego;;;
10;c_albany;97;92;67;190;165;80;Albany;;;
12;c_saratoga;219;189;25;165;140;60;Saratoga;;;
13;c_utica;193;170;44;155;134;2;;;;
5;c_rockland;169;149;38;175;82;41;;;;
6;c_dutchess;127;122;95;207;96;48;;;;
7;c_ulster;174;158;71;139;56;10;;;;
8;c_columbia;174;167;131;222;98;10;;;;
9;c_troy;92;79;4;254;128;44;Troy;;;
38;c_plattsburgh;201;15;177;60;120;100;Plattsburgh;;;
39;c_ticonderoga;178;80;162;75;100;90;Ticonderoga;;;
40;c_chepontuc;144;18;127;75;140;120;Chepontucan;;;
18;c_sullivan;203;84;37;35;140;40;;;;
19;c_otsego;215;128;94;40;145;45;Otsego;;;
20;c_schoharie;177;78;39;30;140;50;Schoharie;;;
#3;c_manhattan;231;208;118;1;74;148;Manhattan;;;
2;c_brooklyn;179;162;67;4;120;183;Brooklyn;;;
1;c_suffolk;225;214;172;7;182;248;;;;
22;c_kittatinny;162;79;46;200;185;215;Kittatinny;;;
4;c_palisades;172;166;130;180;170;205;Palisades;;;
24;c_monmouth;184;62;14;160;140;190;Monmouth;;;
25;c_jersey_shore;241;113;63;105;190;25;;;;
26;c_south_jersey;172;101;74;115;180;30;South Jersey;;;
23;c_trenton;225;64;0;95;165;30;Trenton;;;
46;c_quinnipiac;157;222;0;200;150;150;Quinnipiac;;;
47;c_hartford;121;172;0;209;116;105;Hartford;;;
48;c_norwich;101;144;0;231;181;175;Norwich;;;
59;c_quiet_corner;134;109;201;210;110;105;Quiet Corner;;;
27;c_philadelphia;203;90;46;40;105;180;Philadelphia;;;
53;c_wilmington;183;222;90;200;140;30;Wilmington;;;
54;c_dover;73;103;0;220;180;50;Dover;;;
789;c_sussex;157;200;125;199;145;92;Sussex;;;
55;c_choptank;184;245;37;195;160;45;Choptank;;;
56;c_pocomoke;144;92;157;195;100;45;Pocomoke;;;
52;c_baltimore;169;222;43;136;128;104;Baltimore;;;
57;c_severn;150;122;157;136;128;102;Severn;;;
64;c_frederick;169;169;190;130;120;100;Frederick;;;
994;c_hagerstown;196;77;142;140;170;150;;;;
63;c_washington;144;144;161;213;234;255;Washington;;;
50;c_lehigh;200;222;147;146;147;130;Lehigh;;;
49;c_pocono;99;141;0;159;168;142;Pocono;;;
51;c_lancaster;35;49;0;114;115;100;;;;
107;c_pottsville;62;62;60;90;92;67;Pottsville;;;
33;c_susquehanna;2;69;27;123;137;22;Susquehanna;;;
34;c_tripolis;5;218;85;198;220;39;Tripolis;;;
85;c_williamsport;234;79;62;139;157;36;Williamsport;;;
83;c_cumberland;196;0;0;130;130;120;Cumberland;;;
84;c_rothrock;180;0;0;179;179;151;Rothrock;;;
190;c_three_mile_island;105;88;0;159;145;133;Three Mile Island;;;
41;c_bennington;210;57;27;53;217;102;Bennington;;;
43;c_montpelier;144;39;19;17;89;38;Montpelier;;;
45;c_newport;210;132;117;28;147;64;Newport;;;
42;c_rutland;210;109;89;40;210;90;Rutland;;;
44;c_burlington;173;47;22;40;140;100;Burlington;;;
62;c_worcester;77;48;156;56;81;167;Worcester;;;
557;c_berkshires;81;51;164;20;29;58;Berkshires;;;
61;c_pioneer_valley;158;143;201;30;50;90;Pioneer Valley;;;
58;c_providence;99;63;201;100;110;200;Providence;;;
559;c_nantucket;189;139;235;130;140;230;Temiscamingue;;;
69;c_boston;92;92;102;170;185;80;Boston;;;
68;c_plymouth;184;184;207;210;220;160;Plymouth;;;
70;c_merrimack;123;123;139;210;230;100;Merrimack;;;
71;c_monadnock;159;159;178;60;120;200;Monadnock;;;
72;c_concord;63;63;71;140;175;220;Concord;;;
123;c_white_mountain;180;220;140;95;135;200;White Mountain;;;
124;c_coos;160;195;125;80;140;230;Coos;;;
125;c_mahoosuc;200;230;145;130;65;125;Mahoosuc;;;
126;c_belknap_lakes;140;220;60;145;60;145;;;;
127;c_sebago;120;165;75;150;80;150;;;;
128;c_kennebec;173;212;135;90;45;95;Kennebeck;;;
197;c_skowhegan;5;218;185;111;99;111;Skowhegan;;;
192;c_bangor;60;77;78;60;77;78;Bangor;;;
193;c_mount_desert;39;58;59;39;58;59;Mount Desert;;;
194;c_machias;78;101;102;78;101;102;Machias;;;
195;c_mattawamkeag;4;191;162;55;66;77;Mattawamkeag;;;
196;c_penobscot;20;166;143;45;60;77;Penobscot;;;
198;c_caribou;187;121;0;56;169;82;Caribou;;;
199;c_moosehead;255;164;0;112;207;133;Moosehead;;;
200;c_katahdin;255;190;59;63;190;91;Katahdin;;;
201;c_allagash;196;133;20;51;153;74;Allagash;;;
202;c_st_john_valley;242;156;10;37;112;54;St. John Valley;;;
418;c_yuma;111;45;222;240;255;75;Yuma;;;
419;c_two_sun;132;52;220;183;196;41;Two Sun;;;
420;c_sierra_vista;147;98;199;201;207;133;Sierra Vista;;;
439;c_phoenix;252;77;75;65;137;74;Phoenix;;;
440;c_flagstaff;207;29;25;30;43;32;Flagstaff;;;
441;c_gila;247;124;121;57;87;62;Gila;;;
695;c_yavapai;197;87;57;25;100;101;Yavapai;;;
2074;c_mead;185;189;73;241;145;124;;;;
442;c_ahwe_nyava;247;121;118;91;151;100;Ahwe Nyava;;;
693;c_mohave;246;66;8;58;125;130;Mohave;;;
421;c_luna;132;50;220;146;150;107;Luna;;;
422;c_hidalgo;89;12;200;180;172;62;Hidalgo;;;
417;c_mogollon;112;42;222;142;95;159;Mogollon;;;
791;c_caborca;190;152;128;194;152;128;Caborca;;;
792;c_plutarco;206;134;100;206;134;100;Plutarco;;;
793;c_hermosillo;179;124;100;179;124;100;Hermosillo;;;
749;c_bahia_kino;200;90;79;151;141;120;Bahía Kino;;;
794;c_nogales;146;124;121;146;124;121;Nogales;;;
750;c_fronteras;154;107;34;175;113;156;Fronteras;;;
690;c_el_novillo;97;76;64;100;87;113;;;;
795;c_guaymas;140;97;85;140;97;85;Guaymas;;;
721;c_yecora;166;45;67;145;95;47;Yécora;;;
727;c_navojoa;211;98;121;110;53;70;Navojoa;;;
798;c_los_mochis;170;155;152;170;155;152;Los Mochis;;;
748;c_guasave;137;104;90;134;185;150;Guasave;;;
796;c_culiacan;146;128;106;146;128;106;Culiacán;;;
790;c_badiraguato;178;169;143;154;173;134;Badiraguato;;;
797;c_mazatlan;124;109;94;124;109;94;Mazatlán;;;
747;c_concordia;139;161;149;110;141;142;Concordia;;;
1746;c_tepic;134;121;152;134;121;152;Tepic;;;
1747;c_acaponeta;179;167;200;179;167;200;Acaponeta;;;
1748;c_islas_marias;67;158;188;67;158;188;Islas Marías;;;
799;c_chihuahua;197;182;185;197;182;185;Chihuahua;;;
800;c_ahumada;200;109;128;200;109;128;Ahumada;;;
802;c_guerrero;137;118;128;137;118;128;Guerrero;;;
801;c_parral;209;137;128;209;137;128;Parral;;;
803;c_santa_elena;155;112;109;155;112;109;Santa Elena;;;
804;c_ascension;179;112;112;179;112;112;Ascensión;;;
805;c_guachochi;149;103;128;149;103;128;Guachochi;;;
806;c_tutuaca;197;152;185;197;152;185;Tutuaca;;;
807;c_durango;152;85;52;152;85;52;Durango;;;
745;c_mezquital;162;34;72;115;105;72;Mezquital;;;
809;c_altamirano;158;91;85;158;91;85;Altamirano;;;
808;c_cuencame;106;58;52;106;58;52;Cuencamé;;;
744;c_mapimi;145;108;77;142;64;66;Mapimí;;;
815;c_saltillo;234;158;77;234;158;77;Saltillo;;;
816;c_torreon;194;143;82;194;143;82;Torreón;;;
810;c_cuatrocienegas;188;109;87;188;109;87;Cuatrociénegas;;;
811;c_ocampo;170;131;73;170;131;73;Ocampo;;;
817;c_monterrey;164;140;77;164;140;77;Monterrey;;;
818;c_galeana;176;155;88;176;155;88;Galeana;;;
776;c_china;225;113;19;152;161;53;China;;;
819;c_montemorelos;194;94;36;194;94;36;Montemorelos;;;
812;c_piedras_negras;188;152;87;188;152;87;Piedras Negras;;;
2109;c_acuna;170;150;182;128;112;57;Acuna;;;
813;c_muzquiz;234;216;143;234;216;143;Múzquiz;;;
814;c_monclova;234;185;118;234;185;118;Monclova;;;
820;c_ciudad_victoria;158;152;64;158;152;64;Ciudad Victoria;;;
751;c_villagran;123;141;77;114;115;82;Villagrán;;;
2110;c_el_cielo;2;153;55;158;152;64;;;;
1730;c_soto_la_marina;146;115;91;146;115;91;Soto la Marina;;;
229;c_san_fernando;204;181;102;217;197;79;San Fernando;;;
228;c_matamoros;178;156;78;239;228;175;Matamoros;;;
230;c_falcon;198;173;87;247;240;191;Falcon;;;
231;c_laredo;224;199;112;235;218;95;Laredo;;;
717;c_dawson_creek;91;172;186;81;166;216;Dawson Creek;;;
718;c_grande_prairie;119;224;244;151;161;219;Grande Prairie;;;
722;c_peace_river;11;107;164;55;111;241;Peace River;;;
723;c_fort_st_john;181;212;243;89;81;203;Fort St. John;;;
857;c_northern_lights;62;122;247;55;51;232;Northern Lights;;;
1998;c_big_lakes;134;231;249;123;155;232;Big Lakes;;;
719;c_greenview;87;164;178;95;131;227;Greenview;;;
837;c_northern_sunrise;103;132;149;21;74;200;Northern Sunrise;;;
824;c_high_level;15;92;154;82;124;170;High Level;;;
851;c_mackenzie;211;240;219;101;166;245;Mackenzie;;;
841;c_deh_cho;24;178;196;45;23;144;Deh Cho;;;
856;c_resolution;59;92;218;25;88;161;Resolution;;;
840;c_wood_buffalo;112;203;227;65;111;216;Wood Buffalo;;;
839;c_firebag;135;191;174;55;121;221;Firebag;;;
838;c_opportunity;80;150;246;100;176;241;Opportunity;;;
1997;c_cold_lake;69;210;208;173;251;144;Cold Lake;;;
855;c_fond_du_lac;180;152;143;101;166;245;Fond-du-Lac;;;
827;c_watson_lake;22;159;174;123;144;182;Watson Lake;;;
826;c_muskwa;45;194;188;103;107;191;Muskwa;;;
825;c_sikanni;94;226;216;161;132;224;Sikanni;;;
848;c_whitehorse;170;180;30;90;141;124;Whitehorse;;;
849;c_kluane;147;55;237;52;113;182;Kluane;;;
835;c_teslin;246;138;63;56;176;161;;;;
617;c_atlin;222;153;253;92;166;195;;;;
852;c_cassiar;196;159;18;88;121;145;Cassiar;;;
836;c_stikine;250;216;158;125;132;221;Stikine;;;
829;c_nass;36;135;90;88;165;239;Nass;;;
843;c_la_ronge;169;89;31;99;82;123;La Ronge;;;
759;c_paskoyac;80;225;43;180;151;110;Paskoyac;;;
844;c_granville;107;26;11;155;22;251;Granville;;;
664;c_reindeer;171;144;68;102;45;225;;;;
766;c_osnaburgh;67;105;52;88;80;155;Osnaburgh;;;
765;c_big_trout;41;150;115;121;142;121;Big Trout;;;
764;c_opasquia;26;108;77;144;161;110;Opasquia;;;
859;c_winisk;12;62;79;99;173;195;Winisk;;;
2101;c_north_battleford;185;124;149;150;116;98;;;;
616;c_prince_albert;255;157;40;122;151;56;;;;
731;c_beaver_river;208;224;166;145;127;54;Beaver River;;;
768;c_waskesiu;211;133;103;227;177;168;Waskesiu;;;
842;c_narrows;199;186;166;58;181;144;Narrows;;;
845;c_split_lake;148;5;102;50;129;121;Split Lake;;;
854;c_churchill;109;27;86;88;151;114;Churchill;;;
853;c_port_nelson;191;138;189;91;173;201;Port Nelson;;;
767;c_wekusko;246;234;183;145;123;137;;;;
763;c_gods_lake;171;196;25;55;116;180;Gods Lake;;;
788;c_popular_river;116;210;14;201;91;122;Popular River;;;
2003;c_mexicali;255;237;215;255;237;215;;;;
2002;c_tijuana;0;255;163;0;255;163;Tijuana;;Tijuana;
2000;c_la_paz;255;202;0;255;202;0;La Paz;;La Paz;
2009;c_loreto;210;255;251;210;255;251;Loreto;;Loreto;
2008;c_comondu;173;164;177;173;164;177;Comondú;;;
2001;c_los_cabos;149;255;0;149;255;0;Los Cabos;;Los Cabos;
2004;c_ensenada;110;38;53;110;38;53;Ensenada;;Ensenada;
2006;c_el_arco;255;197;39;255;197;39;El Arco;;El Arco;
2005;c_el_rosario;200;205;127;200;205;127;;;;
2007;c_el_vizcaino;93;73;26;93;73;26;El Vizcaíno;;;
746;c_playa_cortes;195;198;153;58;121;56;Playa Cortés;;;
2068;c_reno;152;121;28;158;166;230;;;;
2069;c_carson;88;67;35;118;206;230;;;;
2065;c_lassen;152;151;28;158;206;200;Lassen;Lassen;Lassen;Lassen
2067;c_black_rock;221;198;92;87;105;160;Black Rock;Black Rock;Black Rock;Black Rock
2066;c_modoc;195;199;80;107;95;190;Modoc;Modoc;Modoc;Modoc
518;c_josephine;211;124;90;244;220;0;Josephine;;;
519;c_rogue_valley;211;52;90;210;170;98;Rogue Valley;;;
520;c_klamath_falls;255;108;136;112;198;247;Klamath Falls;;;
521;c_crater;253;149;255;4;109;157;Crater;;;
522;c_hart_mountain;255;127;111;238;130;21;Hart Mountain;;;
2059;c_redding;38;169;66;52;108;202;Redding;Redding;Redding;Redding
2058;c_klamath;178;149;62;82;108;162;Klamath;Klamath;Klamath;Klamath
2062;c_tehama;130;96;31;67;125;190;;;;
2060;c_mount_shasta;109;75;15;107;125;160;Mount Shasta;Mount Shasta;Mount Shasta;Mount Shasta
2061;c_yreka;105;86;57;127;115;160;Yreka;Yreka;Yreka;Yreka
2056;c_eureka;34;120;109;82;68;202;Eureka;Eureka;Eureka;Eureka
2053;c_bragg;58;193;68;178;188;233;Bragg;Bragg;Bragg;Bragg
2055;c_humboldt;58;193;176;218;158;233;Humboldt;Humboldt;Humboldt;Humboldt
2054;c_mendocino;151;141;29;218;188;193;Mendocino;Mendocino;Mendocino;Mendocino
2057;c_redwood;51;188;132;62;118;182;Redwood;Redwood;Redwood;Redwood
2031;c_san_francisco;159;228;113;237;230;150;San Francisco;San Francisco;San Francisco;San Francisco
2033;c_marin;83;201;31;217;210;160;Marin;Marin;Marin;Marin
2029;c_san_jose;129;156;35;143;149;164;San Jose;San Jose;San Jose;San Jose
2032;c_alameda;73;148;23;173;119;164;Alameda;Alameda;Alameda;Alameda
2042;c_contra_costa;87;157;30;173;149;134;Contra Costa;Contra Costa;Contra Costa;Contra Costa
2030;c_santa_cruz;55;218;59;193;188;194;Santa Cruz;Santa Cruz;Santa Cruz;Santa Cruz
2026;c_monterey;51;172;28;233;158;194;Monterey;Monterey;Monterey;Monterey
2028;c_san_benito;120;107;20;233;188;154;San Benito;San Benito;San Benito;San Benito
2025;c_obispo;105;121;19;213;198;174;Obispo;;;
2043;c_napa;108;141;20;233;104;198;Napa;Napa;Napa;Napa
2051;c_lake;117;116;34;193;134;198;Lake;Lake;Lake;Lake
2052;c_sonoma;84;157;20;233;134;168;Sonoma;Sonoma;Sonoma;Sonoma
2076;c_solano;149;185;102;203;134;188;Solano;Solano;Solano;Solano
2036;c_fresno;78;152;24;127;225;80;Fresno;Fresno;Fresno;Fresno
2039;c_madera;110;173;64;157;185;80;Madera;Madera;Madera;Madera
2040;c_mariposa;94;145;15;157;225;50;Mariposa;Mariposa;Mariposa;Mariposa
2038;c_stanislaus;167;199;98;147;215;90;Stanislaus;Stanislaus;Stanislaus;Stanislaus
2027;c_bako;100;127;42;163;220;108;Bako;Bako;Bako;Bako
2035;c_avenal;42;115;30;193;180;108;Avenal;Avenal;Avenal;Avenal
2037;c_tollhouse;67;200;45;193;220;68;Tollhouse;Tollhouse;Tollhouse;Tollhouse
2034;c_tulare;92;176;46;203;200;88;Tulare;Tulare;Tulare;Tulare
2045;c_san_joaquin;33;123;12;196;235;96;San Joaquin;San Joaquin;San Joaquin;San Joaquin
2063;c_dorado;137;138;38;236;205;96;Dorado;Dorado;Dorado;Dorado
2041;c_tuolumne;114;153;71;236;235;66;Tuolumne;Tuolumne;Tuolumne;Tuolumne
2064;c_tahoe;109;106;35;138;206;210;Tahoe;Tahoe;Tahoe;Tahoe
2047;c_yuba;42;175;79;118;224;150;Yuba;Yuba;Yuba;Yuba
2048;c_butte;39;122;25;148;194;150;Butte;Butte;Butte;Butte
2050;c_colusa;79;173;54;148;224;130;Colusa;Colusa;Colusa;Colusa
2049;c_glenn;106;188;51;128;224;120;Glenn;Glenn;Glenn;Glenn
2044;c_yolo;20;141;69;226;215;86;Yolo;Yolo;Yolo;Yolo
2046;c_sacramento;20;141;32;192;61;146;Sacramento;Sacramento;Sacramento;Sacramento
2071;c_inyo;228;217;140;218;227;105;Inyo;Inyo;Inyo;Inyo
2072;c_hawthorne;225;221;112;218;187;135;Hawthorne;Hawthorne;Hawthorne;Hawthorne
2070;c_ridgecrest;196;187;135;178;227;135;Ridgecrest;Ridgecrest;Ridgecrest;Ridgecrest
679;c_esmeralda_pass;237;206;115;142;211;152;Esmeralda Pass;;;
2019;c_los_angeles;196;178;69;210;208;74;Los Angeles;Los Angeles;Los Angeles;El Pueblo de Nuestra Señora la Reina de los Ángeles de Porciuncula
2014;c_orange;255;215;0;220;130;74;Orange;Orange;Orange;Orange
2023;c_channel_islands;159;219;70;189;187;190;Channel Islands;Channel Islands;Channel Islands;Channel Islands
2020;c_antelope;197;169;3;201;190;144;Antelope;Antelope;Antelope;Antelope
2016;c_palm_springs;87;140;9;241;160;144;Palm Springs;Palm Springs;Palm Springs;Palm Springs
2015;c_riverside;141;214;33;241;190;114;Riverside;Riverside;Riverside;Riverside
2077;c_joshua_tree;148;158;34;221;200;104;Joshua Tree;Joshua Tree;Joshua Tree;Joshua Tree
2010;c_san_diego;28;132;31;181;241;144;San Diego;San Diego;San Diego;San Diego
2011;c_descanso;26;78;27;211;211;144;Descanso;Descanso;Descanso;Descanso
2012;c_oceanside;0;145;47;211;241;114;;;;
2013;c_imperial;184;216;107;221;221;124;Imperial;Imperial;Imperial;Imperial
2021;c_ventura;103;137;44;169;197;170;Ventura;Ventura;Ventura;Ventura
2024;c_santa_barbara;126;179;34;199;167;170;Santa Barbara;Santa Barbara;Santa Barbara;Santa Barbara
2022;c_tejon_pass;137;118;44;199;197;130;Tejon Pass;Tejon Pass;Tejon Pass;Tejon Pass
2073;c_las_vegas;201;206;65;201;215;144;Las Vegas;Las Vegas;Las Vegas;Las Vegas
2018;c_blythe;67;95;10;241;185;144;Blythe;Blythe;Blythe;Blythe
2075;c_barstow;208;211;118;241;215;104;Barstow;Barstow;Barstow;Barstow
1273;c_essex;176;96;90;130;143;67;Essex;;;
1274;c_lambton;205;65;54;67;71;39;Lambton;;;
1275;c_elgin;140;64;84;104;115;53;Elgin;;;
1276;c_brant;210;96;126;150;165;78;;;;
1279;c_huron;234;164;202;112;146;190;Huron;;;
1278;c_simcoe;188;77;136;63;115;167;Simcoe;;;
868;c_dufferin;219;92;150;80;151;211;Dufferin;;;
1277;c_wellington;107;44;61;95;145;194;Wellington;;;
1272;c_bruce;133;8;0;62;100;132;Bruce;;;
1268;c_welland;89;121;85;252;174;12;Welland;;;
1269;c_gore;252;239;60;250;192;107;Gore;;;
1271;c_toronto;102;98;28;237;162;3;Toronto;;;
783;c_york;220;193;83;205;173;33;York;;;
1270;c_oshawa;159;154;74;240;200;66;;;;
1280;c_ganaraska;230;220;55;154;223;145;Ganaraska;;;
1281;c_hastings;224;206;54;214;237;209;Hastings;;;
1282;c_prince_edward;250;240;60;180;232;172;Prince Edward;;;
1283;c_cataraqui;252;246;126;180;216;171;Cataraqui;;;
1297;c_ottawa;93;54;178;140;155;121;Ottawa;;;
1298;c_united_counties;56;0;178;163;167;152;United Counties;;;
1296;c_thousand_islands;65;0;207;130;135;116;Thousand Islands;;;
279;c_renfrew;16;176;75;173;238;21;Renfrew;;;
280;c_rideau;5;155;60;148;189;21;Rideau;;;
281;c_bancroft;9;130;53;103;199;46;Bancroft;;;
282;c_kawartha;16;176;74;193;216;33;Kawarthan;;;
283;c_haliburton;45;194;99;146;190;52;Haliburton;;;
1199;c_cap_diamant;193;68;17;10;72;239;Cap Diamant;;;
1218;c_charlevoix;2;194;69;248;156;143;Charlevoix;;;
1219;c_cartier;67;224;120;240;130;123;Cartier;;;
1220;c_portneuf;13;213;83;245;163;160;Pontneuf;;;
1217;c_hochelaga;142;124;194;148;20;18;Hochelaga;;;
1299;c_vaudreuil_soulanges;96;34;230;99;102;180;Vaudreuil Soulanges;;;
1300;c_grande_ligne;123;76;224;57;68;161;;;;
271;c_matawinia;213;1;193;154;154;154;Matawinia;;;
1222;c_lanaudiere;59;227;116;67;76;188;Lanaudiere;;;
1212;c_les_maskoutains;204;204;192;93;98;187;Les Maskoutains;;;
784;c_richelieu;159;178;144;56;106;171;;;;
993;c_chateauguay;50;98;53;94;135;155;;;;
1201;c_montmagny;193;55;0;90;165;155;Montmagny;;;
1207;c_riviere_du_loup;123;171;184;120;180;167;Riviere du Loup;;;
1202;c_gaspe;123;186;201;205;131;20;Gaspé;;;
1203;c_bonaventure;121;169;181;237;170;69;Bonaventure;;;
1204;c_chic_chocs;80;111;119;211;133;14;Chic-Chocs;;;
1205;c_matapedia;149;175;181;245;150;7;Matapedia;;;
1206;c_rimouski;88;140;153;105;190;160;Rimouski;;;
1208;c_sherbrooke;255;255;240;207;192;197;Sherbrooke;;;
1209;c_frontenac;235;235;221;225;213;215;Frontenac;;;
1211;c_drummond;242;242;228;205;175;184;;;;
1210;c_amiante;212;212;199;221;24;24;Amiante;;;
1200;c_chaudiere;222;76;18;189;187;179;Chaudiere;;;
786;c_beauce;190;137;140;155;153;162;Beauce;;;
1221;c_mauricia;3;181;64;0;114;188;Mauricia;;;
269;c_saint_maurice;178;18;163;180;230;162;Saint-Maurice;;;
270;c_taureau;242;48;223;155;222;144;Taureau;;;
272;c_haute_labelle;255;228;234;255;255;234;Haute Labelle;;;
273;c_bas_labelle;204;204;124;204;204;124;Bas Labelle;;;
274;c_papineau;255;255;215;255;255;215;Papineau;;;
275;c_hull;222;222;173;222;222;173;Hull;;;
276;c_haute_gatineau;191;191;117;191;191;117;Haute-Gatineaue;;;
277;c_pontiac;255;255;237;255;255;237;Pontiac;;;
1160;c_passamaquoddy;238;65;31;243;184;5;Passamaquoddy;;;
1161;c_saint_john;255;95;64;219;171;4;Saint-John;;;
1162;c_nashwaak;222;49;16;248;196;39;Nashwaak;;;
1163;c_meduxnekeag;247;96;67;255;203;21;Meduxnekeag;;;
1164;c_fundy;185;207;184;170;194;169;Fundy;;;
1165;c_moncton;203;224;202;203;224;202;Moncton;;;
1166;c_northumberland;170;194;169;143;5;5;Northumberland;;;
1167;c_miramichi;155;195;119;225;83;47;Miramichi;;;
1168;c_gloucester;135;170;74;191;46;15;Gloucester;;;
1169;c_carleton;172;204;143;138;33;11;Carleton;;;
1170;c_chaleur;146;184;112;155;210;232;Chaleur;;;
1171;c_madawaska;135;170;73;112;200;218;Madawaska;;;
589;c_madeleine;234;173;73;50;150;20;Madeleine;;;
1213;c_cardigan;53;4;51;36;187;82;Cardigan;;;
1214;c_egmont;66;8;64;39;167;78;Egmont;;;
1215;c_chignecto;51;4;49;26;65;157;Chignecto;;;
1216;c_pictou;69;8;67;170;207;169;Pictou;;;
1259;c_colchester;78;9;53;106;65;157;Colchester;;;
1260;c_halifax;50;117;148;157;65;157;Halifax;;;
777;c_lunenburg;171;186;227;214;92;132;Lunenburg;;;
1261;c_annapolis;227;27;239;206;65;157;Annapolis;;;
1262;c_yarmouth;224;65;130;255;65;157;Yarmouth;;;
1257;c_sydney;136;130;96;150;80;162;Sydney;;;
1256;c_inverness;138;68;71;200;80;162;Inverness;;;
1258;c_antigonish;153;77;125;100;80;162;Antigonish;;;
288;c_batchawana;149;24;108;149;24;108;Batchawana;;;
289;c_bawating;201;9;135;201;9;135;Bawating;;;
334;c_michipicoten;222;222;172;172;34;113;Michipicoten;;;
335;c_nagagamisis;204;204;163;181;49;135;Nagagamisis;;;
284;c_sudbury;1;180;227;84;114;80;Sudbury;;;
291;c_timiskaming;201;8;135;95;123;91;Timiskaming;;;
292;c_la_cloche;128;38;97;82;120;88;La Cloche;;;
293;c_ivanhoe;227;54;168;74;110;68;;;;
290;c_manitoulin;152;24;108;152;24;108;Manitoulin;;;
278;c_algonquin;6;155;60;9;84;223;Algonquin;;;
285;c_nipissing;18;206;255;0;162;232;Nipissing;;;
286;c_parry_sound;119;213;237;56;132;245;Parry Sound;;;
287;c_muskoka;0;180;227;7;102;171;Muskoka;;;
787;c_temiscamingue;135;184;18;7;102;171;;;;
330;c_lakehead;240;240;191;230;213;172;Lakehead;;;
331;c_nipigon;207;206;163;215;204;177;Nipigon;;;
689;c_greenstone;179;170;146;135;134;189;Greenstone;;;
332;c_aguasabon;222;222;170;235;224;199;Aguasabon;;;
333;c_pukaskwa;240;240;192;194;185;163;Pukaskwa;;;
1100;c_havana;168;57;57;197;151;37;Havana;;;
1103;c_artemisa;217;214;145;214;182;122;Artemisa;;;
1101;c_matanzas;184;111;111;213;180;170;Matanzas;;;
1102;c_pinar_del_rio;234;232;192;185;58;149;Pinar Del Rio;;;
1104;c_isla_de_pinos;247;246;223;199;112;129;Isla de Pinos;;;
1105;c_santa_clara;160;184;88;201;157;220;Santa Clara;;;
2104;c_zapata;131;100;188;155;122;171;Zapata;;;
1106;c_cienfuegos;137;166;50;232;250;240;Cienfuegos;;;
2105;c_sancti_spiritus;182;158;203;202;180;140;Sacti Spiritus;;;
1107;c_moron;184;204;122;190;120;216;Moron;;;
754;c_ciego_de_avila;176;219;193;150;210;216;Ciego de Ávila;;;
1109;c_camaguey;204;227;223;238;175;247;Camagüey;;;
1110;c_las_tunas;184;204;200;172;164;145;Las Tunas;;;
1111;c_granma;143;178;172;143;106;92;;;;
1112;c_holguin;225;237;235;133;146;134;Holguin;;;
1113;c_sierra_maestra;186;227;220;180;173;188;Sierra Maestran;;;
1114;c_baracoa;205;227;223;132;101;50;Baracoa;;;
1115;c_guantanamo;205;54;223;163;158;152;Guantánamo;;;
1172;c_cornwall;207;11;29;50;155;78;Cornwall;;;
1173;c_middlesex;11;99;100;20;215;108;Middlesex;;;
1174;c_surrey;87;21;56;0;105;8;Surrey;;;
1196;c_grand_bahama;133;94;94;200;191;100;Grand Bahama;;;
1197;c_new_providence;96;94;133;200;221;200;New Providence;;;
1198;c_turks_and_caicos;184;116;122;230;171;110;Turks and Caicos;;;
2017;c_out_islands;128;73;182;240;111;170;Out Islands;;;
1875;c_andros;82;167;209;150;122;100;Andros;;;
1873;c_cayman;203;209;18;203;209;18;Cayman;;;
1180;c_guadeloupe;170;57;57;96;99;200;Guadeloupe;;;
1179;c_dominica;77;170;57;6;79;240;Dominique;;;
1178;c_martinique;213;128;37;56;199;210;Martinique;;;
1175;c_barbados;213;0;0;246;6;46;Barbados;;;
1177;c_st_lucia;224;176;213;206;106;46;Saint Lucia;;;
1176;c_st_vincent;88;130;94;156;56;6;Saint Vincent;;;
2088;c_grenada;52;97;209;16;56;156;Grenada;;;
1878;c_trinidad;149;67;100;149;67;100;Trinidad;Trinidad;Trinidad;Trinidad
1877;c_tobago;112;124;70;112;124;70;Tobago;Tobago;Tobago;Tobago
1181;c_antigua_and_barbuda;230;26;82;255;203;50;Antiguan and Barbuda;;;
1182;c_virgin_islands;189;230;25;205;103;0;Virgin Islands;;;
2087;c_st_kitts_and_nevis;167;134;52;167;134;52;St. Kitts and Nevis;St. Kitts and Nevis;St. Kitts and Nevis;St. Kitts and Nevis
688;c_anguilla_and_st_martin;203;191;82;111;175;155;Anguilla and St. Martin;;;
1879;c_curacao;52;173;209;52;173;209;Curaçao;Curaçao;Curaçao;Curaçao
1881;c_aruba;30;225;33;30;225;33;Aruba;Aruba;Aruba;Aruba
1880;c_bonaire;161;115;152;161;115;152;Bonaire;Bonaire;Bonaire;Bonaire
1876;c_isla_margarita;231;185;134;231;185;134;Isla Margarita;Isla Margarita;Isla Margarita;Isla Margarita
1187;c_port_au_prince;82;187;116;10;0;140;Port-Au-Prince;;;
1188;c_artibonite;218;150;133;10;50;100;Artibonite;;;
1189;c_le_cap;48;136;62;60;40;140;Le Cap;;;
2106;c_la_gonave;44;141;53;73;76;162;La Gonâve;;;
1191;c_les_cayes;184;77;69;10;50;200;Les Cayes;;;
737;c_jacmel;222;73;46;53;56;225;Jacmel;;;
2086;c_tortuga;158;194;79;158;194;79;Tortuga;Tortuga;Tortuga;Tortuga
1190;c_santo_domingo;204;130;68;210;50;20;Santo Domingo;;;
1194;c_la_romana;140;179;116;200;50;100;La Romana;;;
1195;c_barahona;167;65;130;255;0;70;Barahona;;;
735;c_benefactor;195;31;45;255;0;70;Benefactor;;;
1192;c_santiago;176;156;105;255;10;20;Santiago;;;
2107;c_la_vega;86;144;181;160;80;130;La Vega;;;
1193;c_puerto_plata;176;105;147;200;0;70;Puerto Plata;;;
736;c_samana;238;209;247;237;36;75;Samana;;;
1183;c_san_juan;244;224;13;197;12;100;San Juan;;;
1184;c_guayama;105;218;48;137;12;150;Guayama;;;
1185;c_abacoa;150;51;65;137;62;100;Abacoa;;;
1186;c_mayaguez;224;116;67;137;12;50;Mayagüez;;;
547;c_bellingham_bay;165;34;0;143;143;143;Bellingham Bay;;;
548;c_vancouver;204;74;62;0;102;0;Vancouver;;;
561;c_sea_to_sky;213;103;46;170;75;78;;;;
564;c_harrison;199;82;174;0;135;66;Harrison;;;
550;c_victoria;157;87;9;0;99;181;Victoria;;;
552;c_cowichan;245;54;0;255;194;15;Cowichan;;;
555;c_nanaimo;159;11;0;204;2;2;Nanaimo;;;
549;c_san_juan_islands;171;92;84;110;2;33;San Juan Island;;;
2092;c_nootka;240;85;140;6;15;201;Nootka;;;
554;c_clayoquot;221;24;0;255;213;127;Clayquot;;;
2091;c_port_hardy;188;27;109;10;95;45;Port Hardy;;;
556;c_comox;252;103;0;0;104;176;Comox;;;
562;c_sunshine_coast;242;105;127;237;235;12;Sunshine Coast;;;
681;c_broughton;206;103;70;45;140;159;Broughton;;;
558;c_klinaklini;255;163;28;185;32;10;Klinaklini;;;
567;c_cariboo;154;67;82;67;129;177;Cariboo;;;
568;c_chilcotin;161;70;109;204;153;42;Chilcotin;;;
716;c_thompson_valley;200;146;85;175;128;24;Thompson Valley;;;
713;c_lillooet;122;92;122;126;111;51;Lillooet;;;
565;c_beyond_hope;184;138;184;255;240;0;;;;
501;c_koocanusa;232;80;20;0;153;0;Koocanusa;;;
572;c_yoho;169;24;58;125;20;29;Yoho;;;
502;c_kootenai;209;123;27;255;179;226;;;;
669;c_kokanee;188;67;96;221;125;184;;;;
714;c_boundary;228;1;59;172;81;31;Boundary;;;
571;c_selkirk;214;132;0;126;57;32;Selkirk;;;
686;c_similkameen;209;158;115;144;210;50;;;;
569;c_shuswap;148;191;0;246;181;22;Shuswap;;;
570;c_kelowna;198;46;5;14;126;91;Kelowna;;;
566;c_kamloops;249;154;195;229;15;8;Kamloops;;;
682;c_prince_george;179;64;134;162;133;33;;;;
823;c_pine_pass;163;57;168;127;161;9;Pine Pass;;;
683;c_robson;121;173;137;101;155;42;Robson;;;
711;c_nechako;203;0;185;95;178;37;Nechako;;;
712;c_bulkley;154;0;140;121;136;11;Bulkley;;;
527;c_coos_bay;216;167;255;244;194;4;;;;
528;c_umpqua;249;108;210;0;107;110;Umpqua;;;
529;c_lane;255;149;150;209;226;237;Lane;;;
530;c_siuslaw;195;59;175;2;113;63;Siuslaw;;;
531;c_santiam;235;140;208;5;96;89;Santiam;;;
532;c_tillamook;255;179;177;203;16;61;Tillamook;;;
533;c_clatsop;192;117;228;0;130;74;Clatsop;;;
534;c_portland;161;79;164;254;196;70;Portland;;;
535;c_mount_hood;197;37;121;125;88;51;Mount Hood;;;
536;c_clark;123;65;219;34;103;144;Clark;;;
537;c_willapa_bay;132;39;145;63;88;250;Willapa Bay;;;
538;c_quinault;251;136;200;219;36;30;Quinault;;;
539;c_cape_alava;241;114;114;24;132;137;Cape Alava;;;
540;c_kitsap;188;72;109;232;200;216;Kitsap;;;
541;c_capitol;255;84;100;0;102;0;Capitol;;;
542;c_rainier;220;138;218;152;203;254;Rainier;;;
543;c_seattle;227;122;119;41;48;112;Seattle;;;
544;c_snohomish;254;126;212;69;44;103;Snohomish;;;
546;c_camano;200;38;38;249;247;226;Camano;;;
503;c_priest_lake;211;92;19;68;160;175;Priest Lake;;;
504;c_pend_oreille;240;126;14;0;51;127;Pend Oreille;;;
505;c_spokane_valley;255;97;0;209;45;51;Spokane Valley;;;
506;c_colville;255;132;47;255;127;17;Colville;;;
507;c_douglas;201;69;9;218;144;25;Douglas;;;
508;c_grant;213;135;25;62;93;158;Grant;;;
509;c_adams;226;87;23;204;153;51;Adams;;;
510;c_whitman;172;38;5;182;57;16;Whitman;;;
511;c_franklin;255;121;11;136;3;20;Franklin;;;
512;c_yakama;205;78;5;156;196;226;Yakama;;;
513;c_kittitas;231;119;0;143;183;159;Kittitas;;;
698;c_benton;185;47;62;111;161;151;Benton;;;
514;c_klickitat;189;102;24;16;116;164;Klickitat;;;
545;c_okanogan;247;106;0;234;182;73;Okanogan;;;
515;c_wallawalla;227;131;18;91;75;70;Wallawalla;;;
516;c_umatilla;211;109;30;171;0;61;Umatilla;;;
732;c_morrow;232;151;21;150;34;74;Morrow;;;
517;c_columbia_gorge;247;112;12;149;89;23;Columbia Gorge;;;
465;c_coeur_dalene;20;173;67;4;128;48;Coeur d'Alene;;;
464;c_silver_valley;84;246;153;120;17;38;Silver Valley;;;
466;c_flathead;32;229;199;89;134;176;Flathead;;;
467;c_bitterroot_valley;48;229;116;48;229;116;Bitterroot Valley;;;
846;c_kiis_gwaii;206;154;149;43;166;225;Kiis Gwaii;;;
847;c_gwaii_haanas;195;81;212;98;120;245;Gwaii Haanas;;;
830;c_klawock;188;157;218;74;131;135;;;;
618;c_hydaburg;164;72;231;51;101;102;;;;
831;c_kupreanof;140;94;74;51;102;192;Kupreanof;;;
828;c_ketchikan;251;239;180;49;141;222;Ketchikan;;;
619;c_wrangell;184;92;48;69;193;201;;;;
833;c_juneau;244;2;180;74;131;135;Juneau;;;
620;c_admiralty;180;96;40;31;154;152;;;;
834;c_chilkoot;195;62;193;23;161;123;Chilkoot;;;
832;c_baranof;73;63;9;61;185;141;;;;
621;c_chichagof;168;130;175;27;191;122;;;;
622;c_glacier_bay;134;255;176;51;145;102;;;;
551;c_fiordland;170;103;15;115;160;219;Fiordland;;;
563;c_bella_coola;137;209;43;80;180;231;;;;
685;c_kitimat;219;128;112;30;130;222;;;;
553;c_prince_rupert;109;93;23;96;117;201;Prince Rupert;;;
1845;c_chiquimula;61;155;200;21;155;150;Chiquimula;;;
1847;c_guatemala;55;79;167;55;89;134;Guatemala;;;
1846;c_escuintla;88;191;228;78;181;208;;;;
779;c_retalhuleu;30;108;101;44;158;211;Retalhuleu;;;
781;c_soconusco;77;75;157;135;57;72;Soconusco;;;
1844;c_quetzaltenango;55;100;115;105;100;115;Quetzaltenango;;;
782;c_huehuetenango;4;109;127;76;120;142;Huehuetenango;;;
1843;c_atitlan;24;164;173;24;154;173;Atitlán;;;
1841;c_quiche;64;100;206;64;150;106;Quiché;;;
1842;c_alta_verapaz;0;124;188;110;194;188;Alta Verapaz;;;
1855;c_izabal;91;146;85;81;146;115;Izabal;;;
1848;c_san_salvador;128;194;225;28;124;225;San Salvador;;;
1850;c_chalatenango;64;149;137;24;149;137;Chalatenango;;;
1849;c_san_miguel;91;140;255;121;190;255;San Miguel;;;
1853;c_choluteca;39;194;209;99;194;209;Choluteca;;;
1857;c_la_ceiba;79;152;46;79;102;146;La Ceiba;;;
1856;c_san_pedro_sula;140;188;140;180;188;200;San Pedro Sula;;;
1858;c_yoro;118;182;164;78;82;164;Yoro;;;
1861;c_tegucigalpa;76;158;161;76;15;221;Tegucigalpa;;;
1862;c_comayagua;58;182;255;58;182;155;Comayagua;;;
724;c_copan;100;154;183;35;151;123;Copán;;;
780;c_lempira;32;132;165;72;144;145;Lempira;;;
1863;c_el_paraiso;70;137;173;120;157;193;;;;
1864;c_olancho;33;155;73;33;155;73;Olancho;;;
1859;c_colon;79;149;170;179;149;120;Colón;;;
1860;c_islas_de_la_bahia;49;118;100;49;118;210;Islas de la Bahía;;;
1869;c_bluefields;70;100;173;170;60;73;Bluefields;;;
739;c_wawashang;34;119;28;188;51;99;Wawashang;;;
740;c_siuna;53;151;111;154;46;66;Siuna;;;
1868;c_karata;6;112;128;116;112;128;Karatá;;;
1867;c_el_desaguadero;39;100;161;139;80;161;El Desaguadero;El Desaguadero;El Desaguadero;El Desaguadero
1865;c_caratasca;39;167;146;139;167;46;;;;
1866;c_coco;73;194;109;173;94;129;Coco;Coco;Coco;Coco
1870;c_chontales;30;61;121;230;161;121;Chontales;Chontales;Chontales;Chontales
1851;c_matagalpa;109;155;176;19;155;176;Matagalpa;;;
1871;c_jinotega;33;79;94;73;99;74;Jinotega;;;
1852;c_esteli;36;82;158;86;122;198;Estelí;;;
1872;c_san_andres;158;39;88;158;39;88;San Andrés;;;
1886;c_cartago;225;176;128;225;176;128;Cartago;Cartago;Cartago;Cartago
1981;c_alajuela;164;128;76;164;128;76;Alajuela;Alajuela;Alajuela;Alajuela
1887;c_golfito;140;170;70;140;170;70;Golfito;Golfito;Golfito;Golfito
1884;c_guanacaste;43;179;97;43;179;97;Guanacaste;Guanacaste;Guanacaste;Guanacaste
1885;c_limon;103;76;43;103;76;43;Limón;Limón;Limón;Limón
1882;c_managua;61;167;182;161;167;182;Managua;Managua;Managua;Managua
1883;c_rivas;149;91;140;109;91;100;Rivas;Rivas;Rivas;Rivas
1854;c_chinandega;33;55;88;33;55;88;Chinandega;;;
1897;c_bogota;152;43;121;152;43;121;Bogotá;Bogotá;Bogotá;Bogotá
654;c_girardot;30;115;234;101;32;155;Girardot;;;
1898;c_tunja;112;73;118;112;73;118;Tunja;Tunja;Tunja;Tunja
1986;c_zipaquira;103;21;64;103;21;64;Zipaquirá;Zipaquirá;Zipaquirá;Zipaquirá
606;c_sumapaz;17;125;161;145;36;82;Sumapaz;;;
1900;c_bucaramanga;188;97;58;188;97;58;Bucaramanga;Bucaramanga;Bucaramanga;Bucaramanga
1899;c_sogamoso;185;152;134;185;152;134;Sogamoso;Sogamoso;Sogamoso;Sogamoso
1902;c_barrancabermeja;109;67;49;109;67;49;Barrancabermeja;Barrancabermeja;Barrancabermeja;Barrancabermeja
821;c_cimitarra;205;198;10;133;73;65;Cimitarra;;;
1989;c_velez;97;24;21;97;24;21;Vélez;Vélez;Vélez;Vélez
626;c_pamplona;156;69;160;62;46;101;;;;
1966;c_neiva;103;85;143;103;85;143;Neiva;;;
1923;c_ibague;43;97;124;43;97;124;Ibagué;;;
653;c_saldana;112;197;143;83;144;154;Saldaña;;;
1889;c_panama;67;85;106;67;185;206;Panamá;Panamá;Panamá;Panamá
1992;c_las_puertas;18;137;131;62;96;151;Las Puertas;;;
1988;c_cocle;76;124;231;76;124;231;Cocle;Cocle;Cocle;Cocle
1993;c_las_perlas;137;216;182;150;195;251;Las Perlas;;;
1888;c_darien;164;46;46;164;46;46;Darién;Darién;Darién;Darién
1891;c_guna_yala;152;61;128;152;61;128;Guna Yala;Guna Yala;Guna Yala;Guna Yala
1890;c_chiriqui;103;143;94;103;143;94;Chiriquí;Chiriquí;Chiriquí;Chiriquí
1987;c_azuero;143;176;191;143;176;191;Azuero;Azuero;Azuero;Azuero
1892;c_bocas_del_toro;67;158;55;67;158;55;Bocas del Toro;Bocas del Toro;Bocas del Toro;Bocas del Toro
743;c_ngabe_bugle;91;173;24;85;122;79;;;;
1893;c_veraguas;30;85;155;30;85;155;Veraguas;Veraguas;Veraguas;Veraguas
1994;c_coiba;149;70;194;35;25;195;Coiba;;;
1903;c_medallo;179;173;128;179;173;128;;;;
677;c_selva_virgen;84;114;166;125;135;162;;;;
1921;c_bajo_cauca;79;131;222;79;131;222;Bajo Cauca;Bajo Cauca;Bajo Cauca;Bajo Cauca
1922;c_sabanalarga;118;146;152;118;146;152;Sabanalarga;Sabanalarga;Sabanalarga;Sabanalarga
1920;c_yolombo;216;58;94;216;58;94;Yolombó;Yolombó;Yolombó;Yolombó
655;c_oriente_antioqueno;0;48;155;246;148;134;Oriente Antioqueño;;;
604;c_yondo;214;133;230;202;165;53;Yondó;;;
1990;c_manizales;70;167;182;70;167;182;Manizales;Manizales;Manizales;Manizales
1924;c_quindio;131;179;219;131;179;219;Quindío;Quindío;Quindío;Quindío
1925;c_risaralda;55;118;243;55;118;243;Risaralda;Risaralda;Risaralda;Risaralda
1905;c_la_dorada;219;155;27;219;155;27;La Dorada;La Dorada;La Dorada;La Dorada
1895;c_cali;94;64;200;94;64;200;Cali;Cali;Cali;Cali
1896;c_buenaventura;179;134;216;179;134;216;Buenaventura;Buenaventura;Buenaventura;Buenaventura
668;c_popayan;49;85;121;125;95;230;;;;
652;c_tulua;161;121;67;55;96;240;Tuluá;;;
658;c_costa_narino;206;153;250;23;68;190;;;;
1894;c_quibdo;197;143;155;197;143;155;Quibdó;Quibdó;Quibdó;Quibdó
738;c_istmina;227;165;104;241;166;147;Istmina;;;
1985;c_atrato;152;134;79;152;134;79;Atrato;Atrato;Atrato;Atrato
1915;c_cartagena;231;176;146;231;176;146;Cartagena;Cartagena;Cartagena;Cartagena
630;c_magangue;222;12;84;202;154;121;;;;
1912;c_curramba;167;197;176;167;197;176;;;;
1916;c_sincelejo;200;91;55;200;91;55;Sincelejo;;;
1918;c_monteria;85;73;149;85;73;149;Montería;Montería;Montería;Montería
656;c_paramillo;203;79;203;55;143;180;Paramillo;;;
1919;c_uraba;170;203;85;170;203;85;Urabá;Urabá;Urabá;Urabá
1904;c_aguachica;246;149;55;246;149;55;Aguachica;Aguachica;Aguachica;Aguachica
999;c_ocana;245;132;161;201;123;25;;;;
1906;c_valledupar;200;70;85;200;70;85;Valledupar;Valledupar;Valledupar;Valledupar
699;c_curumani;211;250;51;230;82;71;Curumaní;;;
1913;c_santa_marta;106;155;194;106;155;194;Santa Marta;Santa Marta;Santa Marta;Santa Marta
631;c_tenerife;117;211;40;75;123;151;;;;
1914;c_plato;158;94;58;158;94;58;;;;
1917;c_momposina;146;152;9;146;152;9;Mompósina;Mompósina;Mompósina;Mompósina
706;c_majagual;238;116;139;110;115;46;Majagual;;;
148;c_chattahoochee;83;148;143;200;86;20;Chattahoochee;;;
149;c_atlanta;68;123;119;200;99;33;Atlanta;;;
150;c_athens;54;97;94;188;55;22;Athens;;;
205;c_peach;185;233;233;208;86;28;;;;
1030;c_lagrange;97;164;127;218;75;25;LaGrange;;;
157;c_augusta;175;145;90;214;121;116;Augusta;;;
203;c_oconee;173;220;220;205;82;95;Oconee;;;
204;c_sandersville;152;194;194;207;76;27;;;;
158;c_savannah;80;66;41;200;199;88;Savannah;;;
159;c_ogeechee;64;48;21;210;190;75;Ogeechee;;;
206;c_hinesville;77;50;57;152;194;194;Hinesville;;;
207;c_golden_isles;102;66;76;185;233;233;Golden Isles;;;
208;c_dublin;64;35;43;176;200;200;Dublin;;;
979;c_toombs;202;161;134;155;120;170;;;;
980;c_hazlehurst;111;90;124;127;145;132;;;;
1000;c_okefenokee;249;255;87;3;147;194;Okefenokee;;;
1001;c_ochlockonee;252;255;171;37;192;243;Ochlockonee;;;
1002;c_blackshear;199;204;70;3;162;214;Blackshear;;;
1031;c_benning;119;201;156;11;151;209;Benning;;;
1039;c_montgomery;25;108;75;64;64;91;Montgomery;;;
1033;c_tuskegee;108;25;60;70;70;85;Tuskegee;;;
1041;c_demopolis;168;165;165;33;33;44;Demopolis;;;
1042;c_conecuh;224;220;220;88;88;96;Conecuh;;;
1032;c_eufaula;150;224;184;76;67;11;Eufaula;;;
978;c_early;123;227;18;111;85;52;;;;
1034;c_dothan;128;43;79;70;77;6;Dothan;;;
1035;c_chipola;168;40;95;61;72;8;Chipola;;;
1036;c_birmingham;47;194;191;97;164;127;Birmingham;;;
1037;c_talladega;9;206;202;150;184;166;Talladega;;;
1038;c_coosa;43;128;94;115;177;122;Coosa;;;
1040;c_tuscaloosa;200;196;196;88;176;133;Tuscaloosa;;;
1116;c_fayette;67;118;153;100;176;127;;;;
1027;c_guntersville;59;49;27;99;166;50;Guntersville;;;
1028;c_huntsville;84;65;29;79;133;25;Huntsville;;;
1029;c_winston;38;32;18;81;175;33;Winston;;;
163;c_beaufort;95;116;48;25;135;75;Beaufort;;;
164;c_charleston;72;88;36;22;165;98;Charleston;;;
165;c_grand_strand;100;116;48;35;103;75;;;;
161;c_saluda;144;176;73;47;141;185;Saluda;;;
160;c_salkehatchie;89;74;46;105;129;182;Salkehatchie;;;
162;c_edisto;86;108;37;60;164;180;Edisto;;;
632;c_aiken;192;179;134;46;173;151;;;;
152;c_upcountry;126;153;0;68;71;202;Upcountry;;;
155;c_greenwood;147;178;0;188;68;54;Greenwood;;;
153;c_wateree;165;196;20;72;62;170;Wateree;;;
166;c_pee_dee;102;128;55;47;145;79;Pee Dee;;;
154;c_congaree;175;204;41;48;43;149;Congaree;;;
129;c_currituck;241;241;75;205;200;20;Currituck;;;
130;c_dare;217;217;68;230;225;130;;;;
131;c_carteret;255;255;64;230;250;25;Carteret;;;
133;c_greenville;90;50;170;167;226;29;Greenville;;;
134;c_chowan;94;46;173;130;170;145;Chowan;;;
138;c_roanoke_rapids;10;150;0;150;200;55;Roanoke;;;
132;c_lejeune;123;92;173;227;227;35;Lejeune;;;
139;c_raleigh;0;130;0;120;70;155;Raleigh;;;
140;c_durham;0;140;0;115;66;145;Durham;;;
141;c_chapel_hill;11;235;255;112;65;160;Chapel Hill;;;
142;c_catawba;0;222;245;94;213;234;Catawba;;;
143;c_metrolina;10;211;230;111;238;225;;;;
144;c_piedmont_triad;10;234;255;113;218;236;Piedmont Triad;;;
1081;c_uwharrie;61;109;242;113;210;220;Uwharrie;;;
135;c_cape_fear;74;48;116;188;167;92;Cape Fear;;;
136;c_cheraw;101;49;186;201;192;146;Cheraw;;;
137;c_fayetteville;94;46;150;226;222;199;Fayetteville;;;
1120;c_homochitto;196;150;79;17;98;147;Homochitto;;;
1121;c_leaf;178;129;54;22;128;190;Leaf;;;
1122;c_chickasawhay;196;151;78;0;157;225;Chickasawhay;;;
1123;c_tallahoma;217;174;108;7;98;171;Tullahoma;;;
1125;c_natchez;130;152;96;150;174;111;Natchez;;;
1126;c_bayou_pierre;99;124;61;99;124;61;Bayou Pierre;;;
1127;c_vicksburg;150;174;111;178;129;54;Vicksburg;;;
1131;c_arkabutla;217;216;121;183;153;86;Arkabutla;;;
1132;c_tillatoba;217;215;74;200;175;50;Tillatoba;;;
1133;c_sunflower;230;229;149;188;166;44;Sunflower;;;
1137;c_yalobusha;74;0;224;167;118;65;Yalobusha;;;
1134;c_holly_springs;108;66;194;138;230;226;Holly Springs;;;
1135;c_ackia;71;10;196;183;239;237;Ackia;;;
1136;c_oktibbeha;65;0;194;210;250;248;Oktibbeha;;;
983;c_itawamba;2;45;92;121;138;104;;;;
1128;c_jackson;183;239;237;158;175;186;Jackson;;;
1129;c_meridian;138;230;226;214;221;224;Meridian;;;
1130;c_tombigbee;210;250;248;183;196;200;Tombigbee;;;
97;c_jefferson_forest;234;229;95;200;150;20;Jefferson Forest;;;
98;c_galax;204;194;11;200;130;20;Galax;;;
81;c_bluefield;130;119;105;219;139;20;Bluefield;;;
1003;c_greenbo;130;66;103;130;66;103;Greenbo;;;
1004;c_buckhorn;184;74;138;184;74;138;Buckhorn;;;
1005;c_corbin;156;79;124;156;79;124;Corbin;;;
156;c_chattanooga;175;145;91;73;147;30;Chattanooga;;;
1022;c_sequatchie;0;153;136;81;155;33;Sequatchie;;;
145;c_holston;255;10;128;222;133;33;Holston;;;
151;c_knox;140;170;0;200;120;30;Knox;;;
82;c_new_river;99;65;20;95;120;130;New River;;;
92;c_wheeling;210;77;77;95;135;145;Wheeling;;;
94;c_monongalia;53;213;20;90;110;135;Monongalia;;;
95;c_kanawha;43;173;16;100;130;135;Kanawha;;;
96;c_tug_fork;127;213;109;65;70;100;Tug Fork;;;
1080;c_rock_cave;64;115;255;51;56;88;Rock Cave;;;
99;c_unifour;234;232;179;85;130;215;Unifour;;;
100;c_land_of_sky;210;204;51;45;80;185;Land of Sky;;;
146;c_green_river;255;1;128;79;98;185;Green River;;;
147;c_keowee;207;0;103;67;110;180;Keowee;;;
725;c_nantahala;202;42;170;22;135;156;Nantahala;;;
66;c_shenandoah;120;120;135;140;170;50;Shenandoah;;;
80;c_roanoke;170;118;49;215;200;165;Roanoke;;;
65;c_allegany;91;91;102;140;170;150;;;;
726;c_monongahela;156;214;206;82;25;106;Monongahela;;;
67;c_rappahannock;98;98;111;230;150;170;Rappahannock;;;
191;c_culpeper;102;255;98;220;165;155;Culpeper;;;
75;c_james;88;68;41;200;80;105;James;;;
93;c_bull_run;82;63;37;170;95;115;Bull Run;;;
76;c_charlottesville;130;111;85;215;95;130;Charlottesville;;;
73;c_three_peninsulas;130;100;60;80;150;190;Three Necks;;;
74;c_hampton_roads;130;86;27;152;152;250;Hampton;;;
78;c_lynchburg;190;146;88;190;170;115;Lynchburg;;;
77;c_emporia;111;85;52;230;220;200;Emporia;;;
79;c_danville;93;66;29;200;180;120;Danville;;;
1006;c_blue_licks;80;88;99;21;99;162;Blue Lick;;;
122;c_covington;220;180;140;242;124;14;Covington;;;
1007;c_transylvania;75;91;112;26;115;157;Transylvania;;;
1008;c_old_bourbon;56;68;84;16;153;182;Old Bourbon;;;
1009;c_louisville;101;112;125;20;148;209;Louisville;;;
1013;c_rough_river;253;224;201;233;209;183;Rough River;;;
1014;c_owensboro;230;187;154;244;200;199;Owensboro;;;
1015;c_mammoth;217;192;172;251;181;151;Mammoth;;;
1016;c_wolf_creek;255;239;227;255;227;210;Wolf Creek;;;
1017;c_mineral_mound;203;201;2;255;227;150;Mineral Mound;;;
1018;c_the_purchase;168;167;2;251;181;210;The Purchase;;;
1019;c_nashville;0;190;156;215;180;225;Nashville;;;
1083;c_cheatham;62;112;247;205;175;217;Cheatham;;;
1020;c_murfreesboro;22;224;188;229;191;238;Murfreesboro;;;
1021;c_carthage;21;178;151;222;176;222;Carthago;;;
1026;c_tullahoma;255;25;37;221;176;200;Tullahoma;;;
665;c_wayne;239;1;115;233;152;231;;;;
1023;c_reelfoot;255;85;85;199;204;70;Reelfoot;;;
1024;c_memphis;224;54;54;204;194;11;Memphis;;;
1025;c_madison;242;111;111;179;162;67;;;;
1055;c_cairo;181;229;130;9;39;176;Cairo;;;
1057;c_mount_vernon;212;252;169;0;0;222;Mount Vernon;;;
1058;c_effingham;147;217;74;64;96;255;Effingham;;;
1059;c_evansville;26;38;13;26;38;13;Evansville;;;
1060;c_hoosier;17;26;9;17;26;9;Hoosier;;;
1061;c_versailles;52;76;26;52;76;26;Versailler;;;
1062;c_vincennes;31;51;10;31;51;10;Vincennes;;;
1124;c_new_orleans;66;108;3;66;108;3;New Orleans;;;
1249;c_plaquemines;28;93;74;36;102;8;Plaquemines;;;
1250;c_lafourche_terrebonne;38;112;90;160;31;92;Lafource Terrebonne;;;
1251;c_atchafalaya;23;76;61;188;29;61;Atchafalaya;;;
1252;c_lafayette;28;90;74;170;23;74;Lafayette;;;
1253;c_vermilion;25;76;62;126;20;57;Vermilion;;;
1254;c_cameron_calcasieu;36;107;86;198;23;84;;;;
1264;c_st_landry;255;42;145;176;28;80;St. Landry;;;
1266;c_rapides;181;224;248;220;66;44;Rapides;;;
1267;c_catahoula;143;176;196;220;66;44;Catahoula;;;
1265;c_vernon;204;49;124;233;98;33;Vernon;;;
1284;c_natchitoches;156;83;17;233;66;44;Natchitoches;;;
1286;c_ouachita;178;95;19;46;118;98;Ouachita;;;
1287;c_kisatchie;140;68;3;48;163;108;Kisatchie;;;
1288;c_ruston;158;84;17;77;168;129;Ruston;;;
1285;c_bossier;191;116;48;180;204;249;Bossier;;;
1117;c_biloxi;211;204;70;244;249;89;Biloxi;;;
1118;c_tangipahoa;230;223;103;228;213;158;;;;
1119;c_baton_rouge;204;196;49;249;240;210;;;;
1044;c_pensacola;236;108;255;157;168;121;Pensacola;;;
1045;c_apalachicola;212;97;230;193;202;179;;;;
977;c_walton;246;74;108;157;214;155;;;;
1046;c_tallahassee;244;171;255;150;147;90;Tallahassee;;;
1090;c_canaveral;242;160;68;251;234;21;Canaveral;;;
1091;c_orlando;212;113;2;239;205;10;Orlando;;;
1092;c_homosassa;227;131;23;242;218;77;Homosassa;;;
1088;c_ocala;5;178;164;216;188;122;Ocala;;;
1043;c_mobile;58;97;112;202;28;80;Mobile;;;
707;c_baldwin;158;45;47;125;41;58;Baldwin;;;
1084;c_steinhatchee;5;194;163;220;156;69;Steinhatchee;;;
1085;c_osceola;23;178;153;211;181;118;Osceola;;;
1087;c_lochloosa;75;235;209;183;143;62;Lochloosa;;;
1086;c_jacksonville;5;190;160;200;152;53;;;;
1089;c_daytona_beach;242;133;10;222;190;10;Daytona Beach;;;
615;c_st_augustine;116;192;206;190;192;78;;;;
1093;c_tampa;129;159;75;30;162;105;Tampa;;;
1094;c_caloosahatchee;108;133;63;56;188;125;Caloosahatchee;;;
1095;c_okeechobee;150;184;88;54;156;107;Okeechobee;;;
1096;c_palm_beach;159;0;255;130;152;210;Palm Beach;;;
1097;c_miami;183;67;255;198;208;235;Miami;;;
1098;c_everglades;141;50;196;153;171;219;Everglades;;;
1099;c_florida_keys;133;0;198;68;112;193;Florida Keys;;;
1784;c_aguascalientes;176;179;131;236;239;231;Aguascalientes;;;
1785;c_atenas;149;112;103;249;212;203;Atenas;;;
1786;c_tepatitlan;200;155;115;240;255;115;Tepatitlán;;;
1787;c_leon;188;182;170;238;182;240;León;;;
1790;c_celaya;106;91;91;206;191;191;Celaya;;;
1788;c_guanajuato;146;140;124;246;240;224;Guanajuato;;;
1789;c_irapuato;67;73;61;167;173;191;Irapuato;;;
1791;c_santiago_de_queretaro;185;164;161;185;164;221;Santiago de Querétaro;;;
1792;c_jalpan_de_serra;167;143;94;227;243;194;Jalpan de Serra;;;
1731;c_sombrerete;121;15;9;121;15;49;Sombrerete;;;
1732;c_mazapil;200;91;82;250;91;82;Mazapil;;;
1737;c_matehuala;194;12;21;194;22;21;Matehuala;;;
1739;c_ciudad_valles;134;79;36;134;79;36;;;;
1738;c_san_luis_potosi;173;85;6;173;185;56;San Luis Potosí;;;
752;c_guadalcazar;222;60;52;145;157;59;Guadalcázar;;;
1733;c_valparaiso;149;30;0;149;30;0;Valparaíso;;;
1735;c_fresnillo;158;43;49;158;43;169;Fresnillo;;;
1734;c_mixton;216;64;15;216;64;15;Mixtón;;;
1736;c_zacatecas;118;15;67;118;55;67;Zacatecas;;;
1740;c_guadalajara;61;91;140;61;91;140;Guadalajara;;;
1743;c_sierra_de_amula;118;158;188;118;158;188;Sierra de Amula;;;
1741;c_zapotlan_el_grande;91;158;188;91;158;188;;;;
1742;c_ameca;158;206;255;158;206;255;;;;
1744;c_puerto_vallarta;27;124;164;27;124;164;Puerto Vallarta;;;
1745;c_costalegre;109;209;255;109;209;255;Costalegre;;;
1749;c_colima;55;121;191;55;121;191;Colima;;;
1750;c_manzanillo;85;152;203;85;152;203;Manzanillo;;;
1763;c_sierra_gorda;134;106;94;134;156;94;Sierra Gorda;;;
1764;c_pachuca;109;134;161;159;134;161;Pachuca;;;
1774;c_tampico;88;100;134;188;220;134;Tampico;;;
2111;c_panuco;44;156;183;188;220;134;;;;
1776;c_huayacocotla;64;85;97;164;85;97;Huayacocotla;;;
1775;c_tuxpan;161;179;179;161;179;79;Tuxpan;;;
1768;c_toluca;158;131;115;158;31;115;;;;
1769;c_morelos;103;118;137;13;118;137;Morelos;;;
1765;c_temascalcingo;209;155;143;209;155;43;Temascalcingo;;;
1767;c_mexico;173;179;179;173;219;79;Mexico;;;
678;c_texcoco;209;200;161;124;154;31;;;;
1766;c_teoloyucan;185;191;209;185;191;29;Teoloyucan;;;
1781;c_coatzacoalcos;134;131;164;134;131;14;Coatzacoalcos;;;
1782;c_olmeca;64;88;134;164;188;134;Olmeca;;;
1783;c_papaloapam;134;158;176;234;158;176;Papaloapam;;;
1771;c_puebla;100;88;118;200;188;118;Puebla;;;
1772;c_tehuacan;152;115;161;152;215;161;Tehuacán;;;
1773;c_totonacapan;106;124;149;206;124;149;Totonacapa;;;
1770;c_tlaxcala;158;167;191;158;167;11;Tlaxcala;;;
1777;c_tononaca;106;118;124;106;118;124;Tononaca;;;
1779;c_heroica_veracruz;88;109;137;218;209;137;Heroica Veracruz;;;
1780;c_las_montanas;149;140;149;149;140;49;Las Montañas;;;
1778;c_xalapa;176;182;194;176;82;94;Xalapa;;;
1751;c_zamora;85;225;176;85;225;176;Zamora;;;
1752;c_morelia;43;158;134;43;218;234;Morelia;;;
1754;c_patzcuaro;158;206;49;158;206;249;Pátzcuaro;;;
1753;c_uruapan;106;131;76;206;131;176;Uruapa;;;
1755;c_coalcoman;158;158;49;158;158;249;Coalcomán;;;
1756;c_lazaro_cardenas;146;185;179;146;185;179;Lázaro Cárdenas;;;
984;c_zihuatanejo;193;253;236;112;151;123;;;;
1757;c_tecpan_de_galeana;91;76;152;91;76;152;;;;
1758;c_tepalcatepec;176;216;146;176;216;146;Tepalcatepec;;;
1761;c_coyuca_de_catalan;94;167;143;94;167;143;Coyuca de Catalán;;;
1760;c_huetamo;121;149;82;121;149;82;Huetamo;;;
1759;c_oriente;158;185;100;158;185;100;Oriente;;;
1797;c_tlaxiaco;158;158;197;158;158;197;Tlaxiaco;;;
1803;c_acatlan;176;176;200;176;176;200;Acatlán;;;
1804;c_huajuapan;158;146;219;158;146;219;Huajuapan;;;
1796;c_nochixtlan;128;91;167;128;91;167;Nochixtlán;;;
1807;c_jamiltepec;64;115;149;64;115;149;Jamiltepec;;;
1806;c_ometepec;118;88;197;118;88;197;Ometepec;;;
1808;c_pochutla;82;100;185;82;100;185;Pochutla;;;
1801;c_chilpancingo;167;73;158;167;73;158;Chilpancingo;;;
1802;c_tlapa;158;106;179;158;106;179;Tlapa;;;
985;c_atenango_del_rio;170;32;9;112;67;134;;;;
1762;c_iguala;85;79;109;85;79;109;Iguala;;;
1805;c_acapulco;134;121;176;134;121;176;Acapulco;;;
1793;c_oaxaca;97;115;176;97;115;176;Oaxaca;;;
2108;c_canada;128;147;54;66;151;27;;;;
1795;c_miahuatlan;49;85;149;49;85;149;;;;
986;c_sola_de_vega;245;72;78;72;94;124;;;;
1794;c_tlacolula;124;161;185;124;161;185;Tlacolula;;;
1798;c_tehuantepec;118;134;158;118;134;154;Tehuantepec;;;
1800;c_chimalapas;128;106;206;128;106;206;Chimalapas;;;
1799;c_juchitan;115;134;200;115;134;200;Juchitán;;;
601;c_bermuda;194;188;185;253;17;102;Bermuda;;;
609;c_isla_guadalupe;164;176;243;189;187;190;Isla Guadalupe;;;
608;c_isla_socorro;194;149;200;194;149;200;Isla Socorro;;;
108;c_toledo;250;110;0;160;50;130;Toledo;;;
118;c_detroit;123;141;155;123;141;155;Detroit;;;
119;c_washtenaw;106;177;139;150;185;200;Washtenaw;;;
171;c_port_huron;253;179;0;133;166;185;Port Huron;;;
172;c_flint;245;195;49;120;184;185;Flint;;;
173;c_the_thumb;204;144;0;61;87;45;The Thumb;;;
174;c_saginaw;237;150;0;55;91;15;Saginaw;;;
175;c_tawas;215;168;53;84;113;57;Tawas;;;
168;c_southold;140;65;155;147;227;167;Southold;;;
169;c_gary;156;83;170;182;228;190;Gary;;;
176;c_st_joseph;196;128;255;192;215;176;St. Joseph;;;
120;c_fort_wayne;100;190;115;45;70;125;;;;
177;c_lansing;118;77;153;196;55;66;Lansing;;;
178;c_jacksonopolis;186;108;215;176;50;76;Jacksonopolis;;;
182;c_mount_pleasant;168;168;0;200;50;70;Mount Pleasant;;;
179;c_kalamazoo;159;98;204;128;96;128;Kalamazoo;;;
180;c_holland;125;128;11;112;92;122;Holland;;;
181;c_grand_river;147;150;0;111;99;123;Grand River;;;
184;c_manistee;151;24;108;123;99;111;Manistee;;;
185;c_cadillac;159;41;119;80;140;85;Cadillac;;;
186;c_traverse;179;63;140;90;122;88;Grand Traverse;;;
187;c_michilimackinac;163;167;147;90;140;76;Michilimackinack;;;
188;c_alpena;149;153;130;100;130;76;Alpena;;;
189;c_roscommon;199;204;180;94;111;93;Roscommon;;;
110;c_licking;196;89;0;190;65;40;Licking;;;
111;c_columbus;255;150;74;220;65;70;;;;
103;c_akron;13;150;150;130;75;45;Akron;;;
114;c_marion;224;45;154;205;60;30;Marion;;;
102;c_cuyahoga;25;122;122;165;95;60;Cuyahoga;;;
101;c_ashtabula;35;170;170;200;135;105;Ashtabula;;;
113;c_maumee;255;105;196;50;75;140;Maumee;;;
109;c_black_swamp;215;100;0;145;30;50;Black Swamp;;;
121;c_cincinnati;221;178;139;228;40;14;Cincinnati;;;
117;c_dayton;215;57;153;250;240;150;Daytona;;;
115;c_lima;232;155;202;145;40;70;Lima;;;
183;c_urbana;59;37;76;200;140;110;Urbana;;;
104;c_mahoning;65;201;201;60;170;165;Mahoning;;;
105;c_muskingum;34;163;163;130;200;195;Muskingum;;;
112;c_chillicothe;255;116;0;80;160;160;Chillicothe;;;
116;c_scioto;255;51;175;75;200;185;Scioto;;;
170;c_chicago;123;57;140;105;170;70;Chicago;;;
992;c_calumet;224;110;227;152;156;60;;;;
1052;c_des_plaines;88;96;126;205;104;170;Des Plaines;;;
1053;c_rockford;118;128;168;208;107;173;;;;
1054;c_kankakee;71;82;126;211;110;176;Kankakee;;;
1063;c_indianapolis;206;214;242;206;214;242;Indianapolis;;;
1064;c_kokomo;179;183;199;179;183;199;Kokomo;;;
1065;c_muncie;197;202;219;197;202;219;Muncie;;;
1066;c_knobstone;183;189;204;183;189;204;Knobstone;;;
1070;c_streatorland;157;140;99;157;140;99;Streatorland;;;
1071;c_peoria;204;184;137;204;184;137;Peoria;;;
1072;c_sangamon;204;174;102;204;174;102;Sangamon;;;
1073;c_decatur;140;122;79;178;159;113;Decatur;;;
1074;c_west_okaw;157;123;42;157;123;42;West Okaw;;;
1077;c_alton;222;0;33;166;151;82;Alton;;;
1067;c_high_land;157;162;178;124;92;173;High Land;;;
1068;c_tippecanoe;206;214;153;133;111;166;Tippecanoe;;;
1069;c_kenapocomoco;199;204;163;129;90;176;Kenapocomoco;;;
1075;c_chambana;178;159;113;154;109;201;Chambanna;;;
1076;c_watseka;158;150;130;134;109;201;Watseka;;;
1145;c_la_crosse;20;204;89;40;200;50;La Crosse;;;
1146;c_kickapoo;57;230;122;35;180;40;Kickapoo;;;
1147;c_galena;20;204;90;45;215;55;Galena;;;
1151;c_the_dells;67;15;144;50;205;40;The Dells;;;
1150;c_four_lakes;87;23;194;82;131;220;Four Lakes;;;
1149;c_milwaukee;68;7;170;121;158;227;Milwaukee;;;
1152;c_sheboygan;128;130;130;100;144;224;Sheboygan;;;
1153;c_winnebago;115;117;117;115;162;238;Winnebago;;;
1154;c_puckaway;138;140;140;93;133;213;Puckaway;;;
1155;c_portage;126;128;128;111;143;230;Portage;;;
1010;c_sault_ste_marie;201;68;28;176;196;102;Sault Ste. Marie;;;
1011;c_tahquamenon;224;93;54;160;174;115;Tahquamenon;;;
1012;c_manistique;178;61;24;174;180;146;Manistique;;;
1047;c_pictured_rocks;17;213;0;168;165;165;Pictured Rocks;;;
1048;c_marquette;73;242;58;200;196;196;Marquette;;;
1049;c_escanaba;14;168;0;224;220;220;Escanaba;;;
1143;c_iron_river;204;69;27;211;199;199;Iron River;;;
1144;c_iron_mountain;230;107;69;199;177;177;Iron Mountain;;;
1138;c_baraga_lanse;88;20;224;185;122;87;Baragan;;;
1139;c_keweenaw;71;9;196;221;145;68;Keweenaw;;;
1140;c_porcupines;65;8;178;187;106;47;Porcupines;;;
1141;c_isle_royale;72;9;198;173;97;50;Isle Royale;;;
1142;c_gogebic;223;92;51;176;70;63;Gogebic;;;
1156;c_peshtigo;222;38;150;13;170;0;Peshtigo;;;
1157;c_green_bay;255;87;189;20;204;89;Green Bay;;;
1158;c_door;230;28;150;18;184;81;Door;;;
1159;c_manitowoc;242;113;189;31;209;62;Manitowoc;;;
217;c_shawano;51;128;94;124;139;39;Shawano;;;
218;c_wausau;19;76;51;175;187;89;Wausau;;;
219;c_nicolet;31;102;71;193;210;100;Nicolet;;;
220;c_hodagland;15;111;69;100;106;21;Hodagland;;;
222;c_chequamegon;52;130;96;129;163;48;Chequamegon;;;
224;c_duluth;215;204;177;139;193;205;Duluth;;;
223;c_south_shore;20;76;51;100;179;187;South Shore;;;
756;c_eau_claire;60;99;69;210;100;80;Eau Claire;;;
225;c_st_croix;230;213;172;184;68;48;St. Croix;;;
226;c_willow;235;224;199;204;119;115;Willow;;;
227;c_chetek;194;185;163;204;64;67;Chetek;;;
257;c_north_shore;145;79;14;164;27;0;North Shore;;;
258;c_kabetogama;171;102;34;167;62;3;Kabetogama;;;
259;c_mesabi;128;65;4;204;93;39;Mesabian;;;
260;c_pokegama;145;79;13;190;108;67;Pokegama;;;
261;c_mille_lacs;171;103;34;195;98;53;Mille Lacs;;;
263;c_minneapolis;175;103;34;146;205;254;Minneapolis;;;
869;c_st_paul;148;144;92;100;151;223;St. Paul;;;
262;c_anoka;128;65;3;127;186;254;Anoka;;;
17;c_niagara;147;127;19;130;60;60;;;;
28;c_chautauqua;3;118;46;88;44;44;Chautauqua;;;
29;c_genesee;38;145;78;150;75;75;Genesee;;;
91;c_erie;225;68;68;145;80;50;Erie;;;
86;c_upper_allegheny;215;38;38;145;145;125;Upper Allegheny;;;
106;c_susquehannock;91;91;91;159;159;151;Susquehannock;;;
87;c_moshannon;191;97;97;175;145;30;Moshannon;;;
88;c_yohogania;183;76;76;225;195;65;Yohogania;;;
89;c_laurel_highlands;181;33;33;225;200;120;Laurel Highlands;;;
90;c_lower_allegheny;143;5;5;140;115;25;Lower Allegheny;;;
167;c_greensburg;253;224;63;210;186;120;Greensburg;;;
1970;c_georgetown;188;167;222;88;197;122;Georgetown;Georgetown;Georgetown;Georgetown
1967;c_barima;124;149;94;124;149;94;Barima;Barima;Barima;Barima
1971;c_new_amsterdam;194;82;182;194;82;182;New Amsterdam;New Amsterdam;New Amsterdam;New Amsterdam
1969;c_pomeroon;103;124;188;103;124;188;Pomeroon;Pomeroon;Pomeroon;Pomeroon
1972;c_essequibo;91;55;134;91;55;134;Essequibo;Essequibo;Essequibo;Essequibo
1968;c_mazaruni;182;118;170;182;118;170;Mazaruni;Mazaruni;Mazaruni;Mazaruni
1980;c_cayenne;15;128;52;15;128;52;Cayenne;Cayenne;Cayenne;Cayenne
996;c_regina;58;133;62;81;223;142;Regina;;;
1978;c_saint_laurent_du_maroni;43;88;64;43;88;64;Saint-Laurent-du-Maroni;Saint-Laurent-du-Maroni;Saint-Laurent-du-Maroni;Saint-Laurent-du-Maroni
1979;c_inini;58;173;118;58;173;118;Inini;Inini;Inini;Inini
691;c_uaca;76;197;88;84;157;78;Uaçá;;;
613;c_amapa;75;178;121;125;125;52;;;;
1973;c_paramaribo;118;155;179;118;155;179;Paramaribo;Paramaribo;Paramaribo;Paramaribo
1976;c_marowijne;97;49;64;97;49;64;Marowijne;Marowijne;Marowijne;Marowijne
1974;c_nickerie_coronie;55;85;143;55;85;143;;;;
1977;c_brokopondo;164;94;64;164;94;64;Brokopondo;Brokopondo;Brokopondo;Brokopondo
1975;c_kabalebo;173;91;121;173;91;121;;;;
612;c_boven_saramacca;175;85;4;142;26;101;;;;
1945;c_ciudad_bolivar;182;143;152;182;143;152;Ciudad Bolívar;Ciudad Bolívar;Ciudad Bolívar;Ciudad Bolívar
1951;c_raul_leoni;206;97;49;206;97;49;Raúl Leoni;;;
1946;c_cedeno;182;46;91;182;46;91;Cedeño;Cedeño;Cedeño;Cedeño
702;c_atures;177;27;226;181;69;75;Atures;;;
1947;c_maripa;206;100;137;206;100;137;Maripa;Maripa;Maripa;Maripa
1944;c_ciudad_guayana;121;97;134;121;97;134;Ciudad Guayana;Ciudad Guayana;Ciudad Guayana;Ciudad Guayana
1950;c_piar;112;206;109;112;206;109;Piar;Piar;Piar;Piar
1949;c_roscio;112;103;73;112;103;73;Roscio;Roscio;Roscio;Roscio
1948;c_sifontes;88;161;149;88;161;149;Sifontes;Sifontes;Sifontes;Sifontes
670;c_canaima;0;93;35;33;105;132;Canaiama;;;
667;c_gran_sabana;58;167;88;49;124;109;Gran Sabana;;;
1942;c_tucupita;58;164;103;58;164;103;Tucupita;Tucupita;Tucupita;Tucupita
1943;c_antonio_diaz;88;225;170;88;225;170;Antonio Díaz;Antonio Díaz;Antonio Díaz;Antonio Díaz
672;c_boa_vista;84;99;36;82;193;122;;;;
673;c_amajari;126;102;164;45;135;162;Amajari;;;
674;c_bonfim;168;105;37;122;211;188;Bonfim;;;
671;c_raposa_serra_do_sol;42;96;163;56;142;101;Raposa Serra do Sol;;;
675;c_takutu;1;158;165;42;203;100;Takutu;;;
209;c_decorah;35;35;82;35;35;82;Decorah;;;
210;c_dubuque;52;52;65;52;52;65;Dubuque;;;
264;c_cannon;145;79;10;41;41;71;Cannon;;;
265;c_roch;175;100;34;37;56;80;Roch;;;
294;c_freeborn;178;37;124;45;60;90;Freeborn;;;
1148;c_rock_island;0;219;82;204;228;67;Rock Island;;;
211;c_scott;35;35;44;197;230;66;Scott;;;
212;c_cedar;65;65;136;239;228;176;Cedar;;;
213;c_shoquoquon;45;45;133;226;209;169;Shoquoquon;;;
256;c_ottumwa;153;86;15;226;223;169;Ottumwa;;;
295;c_prairie_rapids;237;22;157;220;213;151;Prairie Rapids;;;
296;c_des_moines;201;19;133;201;19;133;Des Moines;;;
297;c_fort_dodge;247;99;192;247;99;192;Fort Dodge;;;
298;c_icaria;178;34;124;178;37;124;Icaria;;;
299;c_kanesville;237;21;157;237;21;157;Kanesville;;;
363;c_floyd;253;250;222;217;11;137;Floyd;;;
364;c_rock;180;199;188;247;16;167;Rock;;;
236;c_little_rock;8;79;53;115;37;160;Little Rock;;;
234;c_pine_bluff;6;128;85;108;133;140;Pine Bluff;;;
239;c_bald_knob;169;209;125;208;32;63;Bald Knob;;;
240;c_conway;183;229;129;165;37;69;;;;
233;c_chicot;8;79;54;139;33;197;Chicot;;;
241;c_spring;162;222;98;162;222;98;Spring;;;
242;c_sams_throne;181;229;127;181;229;127;Sam's Throne;;;
243;c_dardanelle;206;245;164;206;245;164;Dardanelle;;;
245;c_fay;203;201;1;159;196;125;Fay;;;
232;c_white;0;96;62;250;250;253;White;;;
867;c_crittenden;113;169;101;100;56;232;Crittenden;;;
238;c_crowley;181;229;129;140;50;190;Crowley;;;
244;c_fort_smith;169;206;125;169;206;125;;;;
237;c_millwood;6;125;83;135;171;182;Millwood;;;
235;c_little_mo;0;96;61;125;149;155;Little Mo;;;
246;c_joplin;168;167;7;180;49;46;Joplin;;;
247;c_springfield;217;215;33;111;47;45;Springfield;;;
248;c_meramec;168;167;3;140;38;36;Meramec;;;
249;c_osage;203;201;4;203;56;52;Osage;;;
326;c_tallasi;64;54;29;35;177;76;Tallasi;;;
327;c_mcalester;102;86;48;53;170;88;McAlester;;;
328;c_kiamichi;26;22;13;33;143;52;Kiamichi;;;
329;c_bryan;64;54;30;20;194;43;Bryan;;;
344;c_topeka;236;239;210;53;86;52;Topeka;;;
762;c_salina;165;143;146;89;122;102;Salina;;;
988;c_wyandotte;210;239;229;55;100;131;;;;
346;c_atchison;183;189;188;91;150;90;Atchison;;;
347;c_republic;215;213;217;85;138;84;Republic;;;
345;c_independence;196;199;204;80;132;79;Independence;;;
981;c_coffey;184;188;212;85;120;111;;;;
348;c_wichita;183;188;188;60;74;204;Wichita;;;
349;c_dodge;173;168;188;69;82;171;Dodge;;;
350;c_liberal;215;210;217;111;121;196;Liberal;;;
734;c_garden;251;236;231;56;112;241;Garden;;;
362;c_republican;175;162;185;255;157;197;Republican;;;
352;c_hays;251;249;228;35;49;177;Hays;;;
351;c_arikaree_breaks;184;188;186;94;119;208;;;;
353;c_omaha;249;251;228;192;174;44;Omaha;;;
354;c_norfolk;180;190;188;155;141;47;Norfolk;;;
355;c_niobrara;215;216;217;123;109;53;Niobrara;;;
356;c_grand_island;173;161;188;141;129;41;Grand Island;;;
357;c_kearny;251;250;222;196;183;91;Kearny;;;
358;c_outback;180;189;188;255;206;225;Outback;;;
359;c_oglala;173;161;187;255;217;232;;;;
360;c_wildcat;251;251;222;252;163;181;Wildcat;;;
361;c_mcconaughy;218;212;211;255;183;211;;;;
1050;c_st_louis;190;181;146;202;66;53;St. Louis;;;
1056;c_kaskaskia;155;196;111;50;50;224;Kaskaskia;;;
1294;c_gasconade;225;177;252;222;111;111;Gasconade;;;
1051;c_cape_girardeau;224;214;173;123;172;32;Cape Girardeau;;;
1082;c_magnolia_hollow;146;255;223;158;216;24;Magnolia Hollow;;;
1291;c_bootheel;210;156;241;158;175;29;;;;
1295;c_cole;186;145;217;13;114;189;Cole;;;
216;c_boone;163;204;195;25;133;200;;;;
250;c_moks;217;215;35;2;120;170;Moks;;;
251;c_saline;168;167;8;33;125;195;Saline;;;
252;c_bluffwoods;178;105;27;10;150;195;Bluffwoods;;;
1292;c_black;232;200;250;165;152;173;Black;;;
1293;c_current;192;126;230;126;101;148;Current;;;
214;c_cuivre;144;187;178;144;187;178;Cuivre;;;
215;c_hannibal;122;159;151;163;54;128;Hannibal;;;
253;c_nodaway;191;117;39;191;117;39;Nodaway;;;
254;c_paho;219;134;44;219;134;44;Pahoa;;;
255;c_thompson;191;117;38;178;105;27;Thompson;;;
1078;c_quincy;178;0;27;120;119;80;Quincy;;;
1079;c_la_moine;252;58;87;108;125;66;;;;
1231;c_bexar;125;91;74;170;133;176;Bexar;;;
1234;c_uvalde;125;125;108;176;140;166;Uvalde;;;
1233;c_val_verde;125;88;74;155;127;161;Val Verde;;;
1230;c_maverick;125;133;74;164;137;177;Maverick;;;
1224;c_nueces;91;164;85;0;150;255;Nueces;;;
1226;c_duval;28;145;142;0;200;255;Duval;;;
1228;c_goliad;28;94;74;0;50;255;Goliad;;;
1229;c_live_oak;28;133;74;40;120;235;Live Oak;;;
1223;c_cameron;91;122;85;100;100;50;Cameron;;;
1227;c_webb;28;145;74;100;100;100;Webb;;;
1225;c_starr;28;164;85;100;100;150;Starr;;;
313;c_el_paso;185;172;231;163;215;53;El Paso;;;
309;c_crockett;214;205;244;123;167;44;Crockett;;;
310;c_pecos;185;172;230;174;215;100;Pecos;;;
311;c_big_bend;231;225;250;105;173;37;Big Bend;;;
312;c_livermore;212;204;242;107;142;43;Livermorean;;;
1245;c_nacogdoches;113;187;113;71;56;92;Nacogdoches;;;
1244;c_sabine;125;187;71;115;81;125;Sabine;;;
1247;c_san_jacinto;165;173;125;87;84;146;San Jacinto;;;
1239;c_beaumont;77;145;113;114;112;160;Beaumont;;;
1238;c_harris;125;145;113;250;137;29;Harris;;;
1263;c_galveston;195;150;79;220;187;35;Galveston;;;
1255;c_brazos;161;206;27;190;197;29;Brazos;;;
1240;c_matagorda;68;145;74;190;137;79;Matagorda;;;
982;c_colorado;109;142;93;155;132;100;;;;
1242;c_dallas;125;193;71;140;37;29;Dallas;;;
1243;c_tarrant;125;128;71;90;87;29;Tarrant;;;
1246;c_tyler;113;122;113;90;37;79;Tyler;;;
1241;c_waxahachie;125;193;173;140;97;29;Travis;;;
1236;c_mclennan;125;125;173;40;87;29;McLennan;;;
305;c_brownwood;13;44;127;243;190;9;Brownwoods;;;
1235;c_travis;125;176;128;140;237;29;Travis;;;
1232;c_comal;125;156;74;120;190;75;Comal;;;
1237;c_kerr;125;184;113;135;170;101;Kerr;;;
1248;c_san_saba;125;193;60;129;148;92;San Saban;;;
307;c_concho;164;153;204;139;159;99;Concho;;;
301;c_grayson;13;44;128;13;44;128;;;;
1289;c_texarkana;214;214;217;208;225;255;Texarkana;;;
1290;c_cypress;247;247;250;187;253;232;;;;
300;c_titus;41;75;164;210;220;255;Titus;;;
304;c_possum;82;115;204;255;201;17;Possum;;;
306;c_abilene;41;75;163;215;167;0;Abilene;;;
302;c_wichita_falls;41;75;168;41;75;168;Wichita Falls;;;
303;c_childress;13;44;125;13;44;125;;;;
308;c_petroplex;229;223;247;196;71;53;Petroplex;;;
314;c_dal_paso;255;88;85;167;61;46;Dal Paso;;;
315;c_hobbs;247;126;124;119;43;32;Hobbs;;;
316;c_lubbock;217;46;43;189;55;36;Lubbock;;;
317;c_plainview;252;87;84;253;243;187;Plainview;;;
318;c_amarillo;222;47;41;255;255;80;Amarillo;;;
319;c_kicpahat;21;212;168;255;250;100;Kicpahat;;;
320;c_foss;15;153;123;33;171;154;Foss;;;
321;c_greer;5;178;140;114;194;190;Greer;;;
322;c_fort_sill;21;212;169;10;146;128;;;;
323;c_skeleton;103;86;48;103;86;48;Skeleton;;;
324;c_niukonska;26;23;13;26;23;13;Niukonska;;;
1729;c_payne;147;105;86;61;52;33;Payne;;;
325;c_okaysee;38;32;13;38;32;18;;;;
343;c_panhandle;236;238;210;48;42;23;Panhandle;;;
342;c_laverne;215;211;217;30;31;15;Laverne;;;
337;c_socorro;252;243;139;26;68;166;Socorro;;;
338;c_sandia;230;215;59;107;145;233;Sandia;;;
339;c_santa_fe;252;241;139;33;89;222;Santa Fe;;;
340;c_tucumcari;249;241;66;164;41;28;Tucumcari;;;
1728;c_roswell;229;252;14;101;54;24;Roswell;;;
755;c_white_sands;249;216;66;27;130;205;White Sands;;;
341;c_mescalero;230;215;60;122;90;55;Mescalero;;;
386;c_larimer;178;18;112;101;201;153;Larimer;;;
769;c_grand;176;47;86;55;165;111;Grand;;;
387;c_boulder;217;69;159;150;228;146;;;;
388;c_weld;194;93;155;66;140;88;Weld;;;
389;c_denver;178;18;111;153;217;234;Denver;;;
390;c_south_platte;203;34;138;198;235;242;South Platte;;;
391;c_pikes_peak;194;92;155;65;165;218;Pikes Peak;;;
392;c_arp;201;34;139;165;237;228;Arp;;;
393;c_peketon;217;65;159;234;248;251;Peketon;;;
394;c_pueblo;178;18;119;225;159;4;Pueblo;;;
395;c_huerfano;217;61;159;104;78;15;Huerfano;;;
396;c_raton;201;34;138;190;102;5;Raton;;;
397;c_alamosa;178;13;113;150;83;10;Alamosa;;;
398;c_taos;217;63;159;197;159;71;Taos;;;
424;c_mesa;163;194;6;226;89;50;Mesa;;;
425;c_gunnison;194;227;25;226;142;118;Gunnison;;;
426;c_mesa_verde;198;232;26;163;64;35;Mesa Verde;;;
427;c_mineral_belt;225;253;86;210;91;40;Mineral Belt;;;
428;c_yampa;195;225;25;116;45;24;Yampa;;;
429;c_bear_river;213;235;91;113;138;227;Bear River;;;
430;c_salt_lake;196;226;26;48;91;241;Salt Lake;;;
431;c_provo;153;176;20;15;57;227;Provo;;;
432;c_bonneville;153;158;25;68;149;247;;;;
473;c_salt_flats;65;207;109;255;255;255;Salt Flats;;;
433;c_uintah;183;196;98;30;147;83;Uintah;;;
434;c_canyonlands;225;252;86;53;200;126;Canyonlands;;;
694;c_emery;233;125;144;85;141;161;Emery;;;
435;c_fishlake;247;123;123;163;39;61;Fishlake;;;
436;c_zion;252;77;74;233;78;136;Zion;;;
437;c_grand_staircase;247;123;121;137;20;102;Grand Staircase;;;
634;c_capitol_reef;124;5;55;101;45;146;;;;
438;c_manti_la_sal;207;28;25;205;24;56;Manti-La Sal;;;
443;c_bridger;76;174;202;137;194;201;Bridger;;;
444;c_summit;76;144;164;185;117;0;Summit;;;
445;c_flaming_gorge;86;128;160;205;108;65;Flaming Gorge;;;
446;c_sublette;86;207;233;246;213;116;Sublette;;;
447;c_teton;101;179;233;45;127;58;Teton;;;
448;c_yellowstone;55;111;150;204;149;0;Yellowstone;;;
770;c_fremont;144;216;192;14;141;125;Fremont;;;
454;c_wind_river;47;144;184;198;108;21;Wind River;;;
455;c_big_horn;56;192;255;0;112;181;Big Horn;;;
474;c_carbon;23;89;223;113;25;37;Carbon;;;
475;c_medicine_bow;71;101;177;157;157;155;Medicine Bow;;;
476;c_wheatland;94;141;235;78;50;39;Wheatland;;;
989;c_goshen;4;144;182;187;201;163;;;;
478;c_natrona;10;71;210;133;113;111;Natrona;;;
460;c_boise;0;101;52;44;77;156;;;;
633;c_gem_valley;93;131;73;110;155;172;;;;
456;c_elmore;23;138;66;139;140;144;Elmore;;;
462;c_baker;26;169;80;243;168;63;Baker;;;
703;c_wallowa;130;173;13;206;172;51;Wallowa;;;
523;c_malheur;249;168;255;125;254;176;Malheur;;;
463;c_nez_perce;41;120;74;251;2;2;Nez Perce;;;
461;c_salmon_river;38;255;171;107;57;19;Salmon River;;;
450;c_bingham;84;143;184;0;102;52;Bingham;;;
451;c_idaho_falls;38;127;189;150;106;43;Idaho Falls;;;
452;c_bannock;21;171;189;94;0;136;Bannock;;;
453;c_shoshone_falls;38;113;135;38;46;98;Shoshone Falls;;;
459;c_cassia;88;148;110;156;77;46;Cassia;;;
457;c_owyhee;40;239;114;93;82;147;Owyhee;;;
458;c_duck_valley;7;112;32;0;128;255;Duck Valley;;;
730;c_elko;135;188;45;50;151;236;Elko;;;
729;c_winnemucca;187;238;32;80;133;201;Winnemucca;;;
469;c_beaverhead;30;199;165;98;98;98;Beaverhead;;;
468;c_lemhi;66;155;139;248;167;50;Lemhi;;;
771;c_custer;133;235;84;201;124;55;Custer;;;
524;c_harney;255;151;118;231;213;192;Harney;;;
525;c_ochoco;197;110;242;98;104;18;Ochoco;;;
526;c_deschutes;255;168;173;145;26;28;Deschutes;;;
408;c_crownpoint;111;44;224;232;189;156;Crownpoint;;;
409;c_shiprock;88;12;199;187;132;91;Shiprock;;;
410;c_tuba;117;44;224;213;191;175;Tuba;;;
411;c_chinle;133;51;220;210;148;107;Chinle;;;
412;c_fort_defiance;144;98;196;213;171;140;Fort Defiance;;;
413;c_hopituskwa;88;11;199;64;93;193;Hopituskwa;;;
692;c_little_colorado;102;61;130;65;156;158;Little Colorado;;;
414;c_jicarilla;144;99;196;147;98;199;Jicarilla;;;
415;c_shiwinnaqin;132;51;220;156;84;183;Shiwinnaqin;;;
416;c_acoma;88;10;200;193;153;208;Acoma;;;
423;c_los_alamos;133;44;222;195;138;216;Los Alamos;;;
696;c_billings;13;83;88;0;0;255;Billings;;;
449;c_stillwater;89;184;238;0;0;255;Stillwater;;;
472;c_meagher;79;221;186;0;121;228;Meagher;;;
488;c_fergus;27;166;231;193;164;36;Fergus;;;
704;c_bozeman;71;162;145;151;148;15;Bozeman;;;
479;c_sheridan;54;131;237;57;110;142;;;;
487;c_treasure;53;145;216;107;36;11;Treasure;;;
480;c_crow;14;73;154;247;212;23;Crow;;;
481;c_powder_river;66;100;142;198;36;37;Powder River;;;
482;c_fallon_prairie;8;88;163;108;0;255;Fallon Prairie;;;
483;c_mccone;66;124;255;167;58;0;McCone;;;
484;c_garfield;0;66;133;0;83;255;Garfield;;;
485;c_bowdoin_valley;0;137;208;94;2;3;Bowdoin Valley;;;
486;c_fort_peck;44;93;205;7;133;199;Fort Peck;;;
489;c_belknap;37;97;217;224;101;52;Belknap;;;
494;c_milk_river;19;64;209;0;146;58;Milk River;;;
490;c_marias;7;82;139;252;128;157;Marias;;;
491;c_great_falls;93;200;235;171;237;68;Great Falls;;;
493;c_pondera;13;102;249;254;153;51;Pondera;;;
705;c_glacier_pass;1;133;33;200;6;35;Glacier Pass;;;
492;c_freezeout;80;135;225;29;151;195;Freezeout;;;
471;c_broadwater;5;173;132;42;94;167;Broadwater;;;
470;c_granite;47;158;91;207;106;26;Granite;;;
710;c_swan_valley;67;241;50;132;151;57;Swan Valley;;;
575;c_cypress_hills;188;193;77;4;116;58;Cypress Hills;;;
576;c_javia;213;182;0;89;72;29;Javia;;;
753;c_souris;192;142;0;128;208;232;Souris;;;
1999;c_wascana;191;141;80;21;103;55;Wascana;;;
578;c_kenosee;151;161;0;0;56;168;Kenosee;;;
495;c_medicine_hat;13;163;249;255;186;18;Medicine Hat;;;
496;c_warner;45;150;162;73;141;175;Warner;;;
497;c_livingstone;24;209;231;132;40;10;Livingstone;;;
574;c_saskatoon;211;224;116;0;136;48;Saskatoon;;;
657;c_rosetown;180;195;152;50;152;72;;;;
866;c_lenore;119;137;155;33;105;62;Lenore;;;
579;c_orkney;111;121;0;0;154;167;Orkney;;;
2103;c_tobin;73;161;182;100;15;152;Tobin;;;
2095;c_lloydminster;185;97;21;221;12;35;Lloydminster;;;
1996;c_battleford;215;233;186;140;23;121;Battleford;;;
1995;c_wainwright;185;151;26;135;14;53;Wainwright;;;
733;c_kindersley;229;180;3;50;151;23;Kindersley;;;
499;c_foothills;180;66;30;231;50;0;Foothills;;;
500;c_banff;232;110;50;160;8;64;Banff;;;
498;c_vulcan;180;101;48;243;217;160;Vulcan;;;
573;c_hoodoo;255;254;203;42;184;114;Hoodoo;;;
2094;c_red_deer;107;185;164;153;57;20;Red Deer;;;
2093;c_edmonton;125;188;97;111;75;55;Edmonton;;;
623;c_woodlands;50;239;234;105;125;95;;;;
2102;c_clearwater;161;213;206;152;95;75;Clearwater;;;
684;c_yellowhead;88;209;209;55;153;233;Yellowhead;;;
720;c_thorhild;105;198;214;74;145;245;Thorhild;;;
584;c_winnipeg;220;195;14;210;120;6;Winnipeg;;;
865;c_saint_boniface;223;107;44;196;80;51;Saint-Boniface;;;
680;c_piney;151;85;97;155;46;74;;;;
585;c_atikaki;134;166;35;243;50;9;Atikaki;;;
758;c_little_saskatchewan;16;221;100;119;118;170;Little Saskatchewan;;;
583;c_interlake;147;139;45;223;75;92;Interlake;;;
586;c_lac_seul;112;134;54;36;105;50;Lac Seul;;;
587;c_quetico;160;191;15;104;120;30;Quetico;;;
757;c_lake_of_the_woods;144;198;133;55;121;25;Lake of the Woods;;;
588;c_wabakimi;190;159;58;255;246;153;Wabakimi;;;
580;c_cannington;212;172;0;130;6;14;Cannington;;;
581;c_dauphin;106;134;21;218;36;42;Dauphin;;;
582;c_shilo;167;198;12;168;136;87;Shilo;;;
663;c_swan_river;126;72;159;153;12;192;Swan River;;;
365;c_buffalo_ridge;35;252;249;230;161;158;;;;
366;c_blue_earth;9;205;202;255;206;204;Blue Earthe;;;
367;c_rush;18;178;176;230;129;126;Rush;;;
368;c_sauk;65;217;214;217;143;141;Sauk;;;
369;c_cuyuna;18;178;174;242;160;157;Cuyunan;;;
370;c_otter_tail_pelican;9;205;199;196;149;147;Otter Tail Pelican;;;
371;c_bemidji;35;253;249;139;205;159;Bemidji;;;
372;c_becker;66;217;214;182;205;186;Becker;;;
373;c_roseau;18;178;175;104;179;121;Roseau;;;
399;c_grand_forks;68;146;74;91;166;100;Grand Forks;;;
375;c_minnehaha;145;153;103;35;95;143;Minnehaha;;;
376;c_yankton;165;173;124;61;149;165;Yankton;;;
377;c_crow_creek;135;142;111;24;79;92;Crow Creek;;;
374;c_sisseton;206;214;169;52;168;197;Sisseton;;;
760;c_brown;157;187;134;89;121;151;Brown;;;
990;c_brookings;131;210;149;125;121;173;;;;
378;c_cheyenne_river;149;161;101;220;215;167;Cheyenne River;;;
987;c_standing_rock;136;181;126;190;185;145;;;;
379;c_walworth;196;200;152;189;180;89;Walworth;;;
380;c_lyman;165;173;119;211;71;24;Lyman;;;
381;c_rosebud;145;153;101;184;87;46;Rosebud;;;
382;c_porcupine;196;204;161;115;92;77;Porcupiner;;;
383;c_rushmore;138;140;111;52;113;224;Rushmore;;;
384;c_black_hills;149;150;101;37;30;24;Black Hills;;;
477;c_thunder_basin;27;56;115;204;0;0;Thunder Basin;;;
385;c_sihasapa;196;204;152;169;145;126;Sihasapa;;;
400;c_fargo;100;178;106;227;233;22;;;;
401;c_spirit_lake;38;128;45;250;245;95;Spirit Lake;;;
402;c_minot;68;146;79;205;201;24;Minot;;;
761;c_stutsman;111;141;37;165;246;41;Stutsman;;;
403;c_bismarck;101;178;106;150;130;110;Bismarck;;;
404;c_mandan;68;141;75;140;135;130;Mandan;;;
405;c_fort_berthold;38;130;45;165;145;105;Fort Berthold;;;
406;c_west_turtle_mountain;109;178;108;180;160;150;West Turtle Mountain;;;
407;c_mckenzie;60;107;64;120;115;120;McKenzie;;;
991;c_stark;166;231;121;114;152;157;;;;
1937;c_caracas;200;100;15;200;100;15;Caracas;Caracas;Caracas;Caracas
648;c_higuerote;37;167;195;230;150;75;;;;
628;c_independencia;64;112;155;200;169;61;;;;
1935;c_carabobo;137;52;55;137;52;55;Carabobo;Carabobo;Carabobo;Carabobo
1936;c_maracay;94;73;112;94;73;112;;;;
627;c_camatagua;229;185;245;122;65;121;;;;
1938;c_barcelona;137;39;55;137;39;55;Barcelona;Barcelona;Barcelona;Barcelona
647;c_anaco;131;94;234;153;79;22;Anaco;;;
1953;c_el_tigre;82;55;85;82;55;85;El Tigre;El Tigre;El Tigre;El Tigre
701;c_monagas;224;110;78;56;32;68;Monagas;;;
1927;c_coro;206;140;61;206;140;61;Coro;Coro;Coro;Coro
1926;c_paraguana;131;70;222;131;70;222;Paraguaná;Paraguaná;Paraguaná;Paraguaná
1929;c_dabajuro;52;213;216;52;213;216;Dabajuro;Dabajuro;Dabajuro;Dabajuro
1934;c_tucacas;85;94;216;85;94;216;;;;
1933;c_barquisimeto;131;79;61;131;79;61;Barquisimeto;Barquisimeto;Barquisimeto;Barquisimeto
997;c_el_tocuyo;178;43;220;164;54;45;;;;
1932;c_yaracuy;225;194;203;225;194;203;Yaracuy;Yaracuy;Yaracuy;Yaracuy
650;c_carora;36;176;240;85;94;216;Carora;;;
1941;c_maturin;79;112;73;79;112;73;Maturín;Maturín;Maturín;Maturín
1952;c_libertador;194;149;115;194;149;115;Libertador;Libertador;Libertador;Libertador
1940;c_cumana;140;91;152;140;91;152;Cumaná;Cumaná;Cumaná;Cumaná
1939;c_carupano;185;182;103;185;182;103;Carúpano;Carúpano;Carúpano;Carúpano
1909;c_maracaibo;94;134;79;94;134;169;Maracaibo;Maracaibo;Maracaibo;Maracaibo
1907;c_machiques;206;146;170;106;166;170;Machiques;Machiques;Machiques;Machiques
1908;c_catatumbo;149;97;143;149;97;143;Catatumbo;Catatumbo;Catatumbo;Catatumbo
709;c_coquivacoa;241;207;111;121;115;175;;;;
1931;c_baralt;27;94;143;127;94;243;Baralt;Baralt;Baralt;Baralt
1928;c_trujillo;134;82;21;134;82;21;Trujillo;Trujillo;Trujillo;Trujillo
1930;c_cabimas;209;112;191;209;112;191;Cabimas;;;
1911;c_riohacha;185;140;67;185;140;67;Riohacha;Riohacha;Riohacha;Riohacha
1910;c_uribia;216;85;33;216;85;33;Uribia;Uribia;Uribia;Uribia
614;c_mara;125;73;123;156;112;32;;;;
1901;c_tachira;121;64;58;121;64;58;Táchira;Táchira;Táchira;Táchira
1983;c_cucuta;94;64;128;94;64;128;Cúcuta;Cúcuta;Cúcuta;Cúcuta
625;c_tibu;234;124;249;126;49;152;;;;
1982;c_sierra_merida;200;91;158;200;91;158;Sierra Mérida;;;
998;c_sucre;91;154;54;140;52;121;Sucre;Sucre;Sucre;Sucre
1961;c_barinas;188;200;197;188;200;197;Barinas;Barinas;Barinas;Barinas
639;c_pedraza;103;137;179;158;140;164;Pedraza;;;
1960;c_arismendi;103;134;158;103;134;158;Arismendi;Arismendi;Arismendi;Arismendi
610;c_ezequiel_zamora;78;99;157;57;101;122;Ezequiel Zamora;;;
1959;c_guanare;49;79;94;49;79;94;Guanare;;;
640;c_araure;146;88;203;94;109;144;Araure;;;
1958;c_san_carlos;71;55;55;71;55;55;San Carlos;;;
607;c_el_baul;92;81;154;54;94;46;El Baúl;;;
1991;c_juan_german_roscio;128;140;185;128;140;185;Juan Germán Roscio;Juan Germán Roscio;Juan Germán Roscio;Juan Germán Roscio
1954;c_leonardo_infante;131;121;52;131;121;52;Leonardo Infante;Leonardo Infante;Leonardo Infante;Leonardo Infante
649;c_orituco;85;173;118;161;101;82;Orituco;;;
1957;c_calabozo;158;118;167;158;118;167;Calabozo;Calabozo;Calabozo;Calabozo
1955;c_las_mercedes;167;73;21;167;73;21;Las Mercedes;Las Mercedes;Las Mercedes;Las Mercedes
1956;c_pedro_zaraza;143;185;149;143;185;149;Pedro Zaraza;Pedro Zaraza;Pedro Zaraza;Pedro Zaraza
641;c_yopal;146;49;155;157;122;153;Yopal;;;
600;c_orocue;136;151;197;121;104;135;Orocué;;;
1984;c_paz_de_ariporo;197;182;143;197;182;143;Paz de Ariporo;;;
1963;c_arauca;191;143;158;191;143;158;Arauca;Arauca;Arauca;Arauca
629;c_tame;253;178;7;155;171;161;;;;
646;c_paez;179;39;152;52;67;154;Páez;;;
645;c_capanaparo;109;155;46;72;37;124;Capanaparo;;;
708;c_elorza;200;221;200;58;26;53;Elorza;;;
1962;c_apure;52;46;97;52;46;97;Apure;Apure;Apure;Apure
1964;c_el_tuparro;118;76;61;118;76;61;El Tuparro;;;
642;c_cumaribo;140;176;52;34;82;195;Cumaribo;;;
1965;c_villavicencio;200;124;27;60;154;117;Villavicencio;;;
602;c_puerto_gaitan;231;154;93;40;157;87;Puerto Gaitán;;;
611;c_puerto_lleras;207;163;120;22;152;121;Puerto Lleras;;;
643;c_mapiripan;182;97;103;104;194;141;Mapiripán;;;
605;c_la_macarena;149;105;123;52;222;199;La Macarena;;;
651;c_guaviare;73;203;176;55;85;105;Guaviare;;;
644;c_autana;149;97;152;152;56;51;Autana;;;
700;c_inirida;91;165;129;82;123;161;Inírida;;;
603;c_barranco_minas;106;141;119;121;145;152;Barranco Minas;;;
1812;c_cancun;82;103;131;82;53;131;Cancún;;;
774;c_riviera_maya;82;242;154;99;68;140;Riviera Maya;;;
1811;c_cozumel;61;131;167;61;131;117;Cozumel;;;
1810;c_sian_kaan;73;155;197;93;155;157;Sian-Ka'an;;;
1809;c_chacchoben;82;109;152;82;159;152;Chacchoben;;;
1817;c_campeche;73;85;128;73;165;198;Campeche;;;
742;c_hopelchen;93;234;212;89;127;155;Hopelchén;;;
741;c_champoton;105;121;220;101;182;146;Champotón;;;
1818;c_calakmul;97;170;206;97;150;226;Calakmul;;;
1819;c_carmen;39;97;161;89;47;141;Carmen;;;
772;c_palizada;31;133;145;55;81;185;Palizada;;;
1820;c_centla;79;118;185;29;118;185;Centla;;;
1821;c_cardenas;76;91;161;76;51;161;Cárdenas;;;
1822;c_villahermosa;128;134;209;128;134;109;Villahermosa;;;
1813;c_chichen_itza;82;124;185;82;124;185;Chichén Itzá;;;
1874;c_dzilam;100;182;203;120;115;125;Dzilam;;;
773;c_valladolid;27;184;250;151;131;144;Valladolid;;;
1814;c_celestun;61;112;197;61;152;197;Celestún;;;
1816;c_merida;49;134;170;79;114;110;Mérida;Mérida;Mérida;Mérida
1815;c_mayapan;82;140;185;12;140;195;Mayapán;;;
775;c_jose_maria_morelos;61;118;163;55;121;143;José María Morelos;;;
1834;c_comitan;128;137;225;128;67;25;Comitán;;;
1835;c_montes_azules;91;158;206;191;118;6;Montes Azules;;;
1836;c_nezahualcoyatl;88;121;179;218;11;79;Nezahualcoyatl;;;
1837;c_tuxtla_gutierrez;97;161;167;197;191;67;Tuxtla Gutiérrez;;;
1839;c_tonala;91;131;200;151;71;20;Tonalá;;;
1838;c_san_cristobal;61;73;121;221;173;91;San Cristóbal;;;
1840;c_la_fraylesca;79;109;179;159;109;79;;;;
1823;c_chuntuki;61;112;161;61;142;161;Chuntuki;;;
1825;c_nojpeten;131;134;200;111;134;200;Nojpetén;;;
1826;c_poptun;97;176;167;97;156;121;Poptún;;;
1824;c_tikal;82;137;185;82;177;185;Tikal;;;
1830;c_yalbac;55;194;128;66;124;128;Yalbac;;;
1831;c_chetumal;52;164;173;52;124;183;Chetumal;;;
1832;c_dzuluinicob;112;164;176;112;114;156;Dzuluinicob;;;
1833;c_manche;76;134;124;86;134;124;Manche;;;
1827;c_sayaxche;64;140;161;64;110;161;Sayaxché;;;
1828;c_lacandon;49;103;149;19;123;149;Lacandón;;;
1829;c_tenosique;49;149;185;29;149;145;Tenosique;;;
